{
  "interactive-discover-1": {
    "v0": {
      "n_results": 6,
      "n_http_requests": 87,
      "execution_time": {
        "average": 4583.506749700001,
        "min": 4297.420994999993,
        "max": 4864.2312600000005,
        "std": 177.17386259059933
      }
    },
    "v1": {
      "n_results": 4,
      "n_http_requests": 18,
      "execution_time": {
        "average": 362.1413911000025,
        "min": 353.3020350000006,
        "max": 376.2508289999969,
        "std": 9.617028077334087
      }
    },
    "v2": {
      "n_results": 1,
      "n_http_requests": 18,
      "execution_time": {
        "average": 303.79503329999864,
        "min": 288.9143299999996,
        "max": 325.8304729999945,
        "std": 13.722283068189752
      }
    },
    "v3": {
      "n_results": 14,
      "n_http_requests": 33,
      "execution_time": {
        "average": 706.2033028000005,
        "min": 678.5953770000051,
        "max": 775.6162970000005,
        "std": 21.72599942671802
      }
    },
    "v4": {
      "n_results": 8,
      "n_http_requests": 75,
      "execution_time": {
        "average": 4128.4284652000015,
        "min": 3888.1686679999984,
        "max": 4527.888005000001,
        "std": 238.784882111415
      }
    }
  },
  "interactive-discover-2": {
    "v0": {
      "n_results": 66,
      "n_http_requests": 127,
      "execution_time": {
        "average": 6051.390927000002,
        "min": 5631.676019000006,
        "max": 6796.225785000002,
        "std": 346.50566709262336
      }
    },
    "v1": {
      "n_results": 46,
      "n_http_requests": 19,
      "execution_time": {
        "average": 972.3508037000022,
        "min": 931.8293910000066,
        "max": 1006.7184390000039,
        "std": 24.94271230761091
      }
    },
    "v2": {
      "n_results": 32,
      "n_http_requests": 19,
      "execution_time": {
        "average": 772.5248067000036,
        "min": 742.2335840000014,
        "max": 802.9554300000018,
        "std": 20.770458404324348
      }
    },
    "v3": {
      "n_results": 198,
      "n_http_requests": 218,
      "execution_time": {
        "average": 5523.4675087,
        "min": 5082.895367999998,
        "max": 5945.35573000001,
        "std": 324.7487134323591
      }
    },
    "v4": {
      "n_results": 98,
      "n_http_requests": 122,
      "execution_time": {
        "average": 6085.775096599999,
        "min": 5624.06474999999,
        "max": 6562.177398999993,
        "std": 286.2053624330609
      }
    }
  },
  "interactive-discover-3": {
    "v0": {
      "n_results": 71,
      "n_http_requests": 253,
      "execution_time": {
        "average": 4300.800496399997,
        "min": 3599.679597999988,
        "max": 5585.698186000009,
        "std": 659.4085590124855
      }
    },
    "v1": {
      "n_results": 67,
      "n_http_requests": 147,
      "execution_time": {
        "average": 2121.105252499999,
        "min": 1865.2092799999955,
        "max": 2481.583778,
        "std": 175.35401390247785
      }
    },
    "v2": {
      "n_results": 55,
      "n_http_requests": 103,
      "execution_time": {
        "average": 1609.7995007000004,
        "min": 1416.273835,
        "max": 1812.439756000007,
        "std": 124.41348446126125
      }
    },
    "v3": {
      "n_results": 203,
      "n_http_requests": 424,
      "execution_time": {
        "average": 6269.294160400001,
        "min": 5925.568421999997,
        "max": 6656.084166000001,
        "std": 225.44160999777375
      }
    },
    "v4": {
      "n_results": 142,
      "n_http_requests": 273,
      "execution_time": {
        "average": 4656.102519099996,
        "min": 3896.4249199999904,
        "max": 6078.436791999993,
        "std": 656.8449808773266
      }
    }
  },
  "interactive-discover-4": {
    "v0": {
      "n_results": 5,
      "n_http_requests": 62,
      "execution_time": {
        "average": 1345.78603,
        "min": 1226.6347479999968,
        "max": 1408.695869999996,
        "std": 50.835953021287914
      }
    },
    "v1": {
      "n_results": 3,
      "n_http_requests": 21,
      "execution_time": {
        "average": 744.7393633000029,
        "min": 713.1438440000056,
        "max": 771.8259400000097,
        "std": 23.556016589903308
      }
    },
    "v2": {
      "n_results": 3,
      "n_http_requests": 21,
      "execution_time": {
        "average": 643.6041554999989,
        "min": 623.8044809999992,
        "max": 676.8689500000037,
        "std": 15.386518076789503
      }
    },
    "v3": {
      "n_results": 3,
      "n_http_requests": 205,
      "execution_time": {
        "average": 4333.255374799999,
        "min": 3916.9169850000035,
        "max": 4665.138537000006,
        "std": 267.8621333411837
      }
    },
    "v4": {
      "n_results": 7,
      "n_http_requests": 71,
      "execution_time": {
        "average": 1703.5618811000008,
        "min": 1567.1820700000098,
        "max": 1852.510951999997,
        "std": 79.94895482765361
      }
    }
  },
  "interactive-discover-5": {
    "v0": {
      "n_results": 15,
      "n_http_requests": 127,
      "execution_time": {
        "average": 3016.1521853000013,
        "min": 2424.1589639999875,
        "max": 3456.8803800000023,
        "std": 398.5904332076705
      }
    },
    "v1": {
      "n_results": 3,
      "n_http_requests": 19,
      "execution_time": {
        "average": 437.4042114000011,
        "min": 403.4340639999864,
        "max": 492.0738069999934,
        "std": 26.952319017765163
      }
    },
    "v2": {
      "n_results": 3,
      "n_http_requests": 19,
      "execution_time": {
        "average": 375.7619980000003,
        "min": 360.8170939999982,
        "max": 393.3762240000069,
        "std": 11.577251759501387
      }
    },
    "v3": {
      "n_results": 4,
      "n_http_requests": 218,
      "execution_time": {
        "average": 3273.2814225999987,
        "min": 3062.544854000007,
        "max": 3473.977541,
        "std": 139.99701964842404
      }
    },
    "v4": {
      "n_results": 20,
      "n_http_requests": 122,
      "execution_time": {
        "average": 2759.8050702999985,
        "min": 2398.780633999995,
        "max": 3387.198783999993,
        "std": 409.9787636354363
      }
    }
  },
  "interactive-discover-6": {
    "v0": {
      "timeout": 120000
    },
    "v1": {
      "n_results": 1,
      "n_http_requests": 30,
      "execution_time": {
        "average": 1010.0652424000015,
        "min": 941.0651520000101,
        "max": 1052.9863570000016,
        "std": 33.5412836038584
      }
    },
    "v2": {
      "n_results": 1,
      "n_http_requests": 27,
      "execution_time": {
        "average": 777.0741729000001,
        "min": 748.0972200000106,
        "max": 869.8300869999948,
        "std": 35.472081521119996
      }
    },
    "v3": {
      "timeout": 120000
    },
    "v4": {
      "n_results": 27,
      "n_http_requests": 133,
      "execution_time": {
        "average": 6474.330397700001,
        "min": 6081.956487000003,
        "max": 6709.558767999988,
        "std": 247.93001097690725
      }
    }
  },
  "interactive-discover-7": {
    "v0": {
      "timeout": 120000
    },
    "v1": {
      "n_results": 1,
      "n_http_requests": 30,
      "execution_time": {
        "average": 1016.022962399997,
        "min": 973.5329420000053,
        "max": 1074.0104729999875,
        "std": 27.97827169000253
      }
    },
    "v2": {
      "n_results": 1,
      "n_http_requests": 27,
      "execution_time": {
        "average": 782.2700336000009,
        "min": 750.8638769999961,
        "max": 825.4905969999963,
        "std": 32.07714922019463
      }
    },
    "v3": {
      "timeout": 120000
    },
    "v4": {
      "n_results": 1,
      "n_http_requests": 133,
      "execution_time": {
        "average": 6222.056719700001,
        "min": 5770.940314000007,
        "max": 6941.414491000003,
        "std": 361.38803325741856
      }
    }
  },