{
  "interactive-discover-1": {
    "v0": {
      "n_results": 0,
      "n_http_requests": 1,
      "execution_time": {
        "average": 92.94411191999912,
        "min": 89.61187300000165,
        "max": 97.36828199999582,
        "std": 2.328709389657441
      }
    },
    "v1": {
      "n_results": 0,
      "n_http_requests": 1,
      "execution_time": {
        "average": 92.53904228000057,
        "min": 88.21086600000854,
        "max": 101.67586499999743,
        "std": 2.8174625639557616
      }
    },
    "v2": {
      "n_results": 0,
      "n_http_requests": 1,
      "execution_time": {
        "average": 85.15449792,
        "min": 81.88969999999972,
        "max": 92.87432800000533,
        "std": 2.5360962135155503
      }
    },
    "v3": {
      "n_results": 0,
      "n_http_requests": 1,
      "execution_time": {
        "average": 102.99719649999984,
        "min": 98.31833599999663,
        "max": 114.1442939999979,
        "std": 3.0903460495975237
      }
    },
    "v4": {
      "n_results": 0,
      "n_http_requests": 1,
      "execution_time": {
        "average": 92.77127470000094,
        "min": 89.34123800000816,
        "max": 105.50095099999453,
        "std": 3.432390615025036
      }
    }
  },
  "interactive-discover-2": {
    "v0": {
      "n_results": 0,
      "n_http_requests": 1,
      "execution_time": {
        "average": 100.07124315999914,
        "min": 95.05116499999713,
        "max": 106.74555700000201,
        "std": 2.724971621091786
      }
    },
    "v1": {
      "n_results": 0,
      "n_http_requests": 1,
      "execution_time": {
        "average": 99.90671274000022,
        "min": 96.09720400000515,
        "max": 114.47656399999687,
        "std": 4.039831330112562
      }
    },
    "v2": {
      "n_results": 0,
      "n_http_requests": 1,
      "execution_time": {
        "average": 91.62956707999955,
        "min": 87.38325299999269,
        "max": 96.538836000007,
        "std": 2.4337726545578477
      }
    },
    "v3": {
      "n_results": 0,
      "n_http_requests": 1,
      "execution_time": {
        "average": 111.12025338000065,
        "min": 106.37734599999385,
        "max": 118.16830900000059,
        "std": 3.107771109446453
      }
    },
    "v4": {
      "n_results": 0,
      "n_http_requests": 1,
      "execution_time": {
        "average": 98.39497519999917,
        "min": 95.10279000000446,
        "max": 103.52120499999728,
        "std": 2.2462930450865093
      }
    }
  },
  "interactive-discover-3": {
    "v0": {
      "n_results": 0,
      "n_http_requests": 1,
      "execution_time": {
        "average": 100.38375308000018,
        "min": 95.11673500000325,
        "max": 108.94053599999461,
        "std": 2.9192626939966955
      }
    },
    "v1": {
      "n_results": 0,
      "n_http_requests": 1,
      "execution_time": {
        "average": 99.77495383999776,
        "min": 95.71448500000406,
        "max": 112.39637599998969,
        "std": 2.8099224234443057
      }
    },
    "v2": {
      "n_results": 0,
      "n_http_requests": 1,
      "execution_time": {
        "average": 92.73781424000045,
        "min": 88.46634299999278,
        "max": 98.4045860000042,
        "std": 2.6167357122172135
      }
    },
    "v3": {
      "n_results": 0,
      "n_http_requests": 1,
      "execution_time": {
        "average": 110.02078820000024,
        "min": 106.38191099998949,
        "max": 119.54662800001097,
        "std": 2.6823373257147702
      }
    },
    "v4": {
      "n_results": 0,
      "n_http_requests": 1,
      "execution_time": {
        "average": 99.36848358000162,
        "min": 96.14755900000455,
        "max": 104.26517800000147,
        "std": 2.2747645743550304
      }
    }
  },
  "interactive-discover-4": {
    "v0": {
      "n_results": 0,
      "n_http_requests": 2,
      "execution_time": {
        "average": 113.66774106000085,
        "min": 107.87215700000525,
        "max": 130.1652960000065,
        "std": 4.324489993225225
      }
    },
    "v1": {
      "n_results": 0,
      "n_http_requests": 2,
      "execution_time": {
        "average": 112.21392412000074,
        "min": 107.68589100000099,
        "max": 121.69548599999689,
        "std": 2.765629395207144
      }
    },
    "v2": {
      "n_results": 0,
      "n_http_requests": 2,
      "execution_time": {
        "average": 104.5191475399991,
        "min": 99.73578399998951,
        "max": 122.88920999999391,
        "std": 3.6089535458294826
      }
    },
    "v3": {
      "n_results": 0,
      "n_http_requests": 2,
      "execution_time": {
        "average": 123.32138794000173,
        "min": 117.86033899999165,
        "max": 131.3147170000011,
        "std": 3.207771200914481
      }
    },
    "v4": {
      "n_results": 0,
      "n_http_requests": 2,
      "execution_time": {
        "average": 112.44924417999981,
        "min": 107.73598100000527,
        "max": 129.69602499999746,
        "std": 4.0201438676676675
      }
    }
  },
  "interactive-discover-5": {
    "v0": {
      "n_results": 0,
      "n_http_requests": 1,
      "execution_time": {
        "average": 79.20154689999995,
        "min": 74.70060599999852,
        "max": 87.30138699999952,
        "std": 2.5530317157727556
      }
    },
    "v1": {
      "n_results": 0,
      "n_http_requests": 1,
      "execution_time": {
        "average": 79.041016639999,
        "min": 73.87624199999846,
        "max": 92.2013719999959,
        "std": 3.649766963199054
      }
    },
    "v2": {
      "n_results": 0,
      "n_http_requests": 1,
      "execution_time": {
        "average": 71.67807413999981,
        "min": 66.30554499999562,
        "max": 75.65243100000953,
        "std": 2.2871556413018257
      }
    },
    "v3": {
      "n_results": 0,
      "n_http_requests": 1,
      "execution_time": {
        "average": 89.16786706000043,
        "min": 85.46092099999078,
        "max": 94.41895300000033,
        "std": 2.524824679368178
      }
    },
    "v4": {
      "n_results": 0,
      "n_http_requests": 1,
      "execution_time": {
        "average": 78.15642397999967,
        "min": 73.66398699999263,
        "max": 86.45144900000014,
        "std": 2.4896884491197673
      }
    }
  },
  "interactive-discover-6": {
    "v0": {
      "n_results": 0,
      "n_http_requests": 1,
      "execution_time": {
        "average": 89.4006727400003,
        "min": 83.45042799999646,
        "max": 100.58363300000201,
        "std": 2.8152036561857035
      }
    },
    "v1": {
      "n_results": 0,
      "n_http_requests": 1,
      "execution_time": {
        "average": 89.30032652000052,
        "min": 85.66027100000065,
        "max": 100.74417099999846,
        "std": 3.125818100378466
      }
    },
    "v2": {
      "n_results": 0,
      "n_http_requests": 1,
      "execution_time": {
        "average": 82.1051343000005,
        "min": 76.68676300000516,
        "max": 98.74753700000292,
        "std": 3.3594048361070348
      }
    },
    "v3": {
      "n_results": 0,
      "n_http_requests": 1,
      "execution_time": {
        "average": 100.0174412800002,
        "min": 95.4853679999942,
        "max": 121.06899300000805,
        "std": 4.354518641040055
      }
    },
    "v4": {
      "n_results": 0,
      "n_http_requests": 1,
      "execution_time": {
        "average": 88.9607260600009,
        "min": 85.24404600000707,
        "max": 98.85846299999685,
        "std": 2.840719058040615
      }
    }
  },
  "interactive-discover-7": {
    "v0": {
      "n_results": 0,
      "n_http_requests": 1,
      "execution_time": {
        "average": 93.18496519999987,
        "min": 89.38410999999905,
        "max": 104.95290000000386,
        "std": 3.421527293834455
      }
    },
    "v1": {
      "n_results": 0,
      "n_http_requests": 1,
      "execution_time": {
        "average": 92.18435207999951,
        "min": 88.51332599998568,
        "max": 99.336553000001,