{
  "interactive-discover-1": {
    "v0": {
      "n_results": 6,
      "n_http_requests": 134,
      "execution_time": {
        "average": 5675.264234099998,
        "min": 5248.302041999996,
        "max": 6329.934404,
        "std": 299.3218753860877
      }
    },
    "v1": {
      "n_results": 4,
      "n_http_requests": 25,
      "execution_time": {
        "average": 1107.4634537000006,
        "min": 1026.1184829999984,
        "max": 1187.9646150000044,
        "std": 56.41529429277495
      }
    },
    "v2": {
      "n_results": 1,
      "n_http_requests": 23,
      "execution_time": {
        "average": 929.0551242999994,
        "min": 845.9321269999928,
        "max": 1021.8935999999958,
        "std": 53.16519654158677
      }
    },
    "v3": {
      "n_results": 14,
      "n_http_requests": 230,
      "execution_time": {
        "average": 4651.955885999998,
        "min": 4223.444168999995,
        "max": 5523.250394000002,
        "std": 294.2525520118365
      }
    },
    "v4": {
      "n_results": 8,
      "n_http_requests": 129,
      "execution_time": {
        "average": 5701.891546399997,
        "min": 5306.5767100000085,
        "max": 6142.874658999994,
        "std": 306.7739276842663
      }
    }
  },
  "interactive-discover-2": {
    "v0": {
      "n_results": 66,
      "n_http_requests": 134,
      "execution_time": {
        "average": 6066.238386499998,
        "min": 5665.700106000004,
        "max": 6653.9661449999985,
        "std": 291.6402849554551
      }
    },
    "v1": {
      "n_results": 46,
      "n_http_requests": 25,
      "execution_time": {
        "average": 1249.4415502000018,
        "min": 1179.5140189999947,
        "max": 1362.8434719999932,
        "std": 70.78368301540806
      }
    },
    "v2": {
      "n_results": 32,
      "n_http_requests": 23,
      "execution_time": {
        "average": 1054.1121953999987,
        "min": 949.1071389999997,
        "max": 1091.889221999998,
        "std": 21.564411519705487
      }
    },
    "v3": {
      "n_results": 198,
      "n_http_requests": 230,
      "execution_time": {
        "average": 5209.845036900001,
        "min": 4740.659033000004,
        "max": 6637.892453000008,
        "std": 561.6599995890044
      }
    },
    "v4": {
      "n_results": 98,
      "n_http_requests": 129,
      "execution_time": {
        "average": 6207.042991500001,
        "min": 5927.076415999996,
        "max": 6568.495475999996,
        "std": 240.6429593727041
      }
    }
  },
  "interactive-discover-3": {
    "v0": {
      "n_results": 71,
      "n_http_requests": 260,
      "execution_time": {
        "average": 4201.7360411,
        "min": 3732.2023990000016,
        "max": 4578.325061999989,
        "std": 280.2170263111755
      }
    },
    "v1": {
      "n_results": 67,
      "n_http_requests": 153,
      "execution_time": {
        "average": 2530.8046609,
        "min": 2010.2701229999948,
        "max": 3175.201780000003,
        "std": 330.63524773932795
      }
    },
    "v2": {
      "n_results": 55,
      "n_http_requests": 107,
      "execution_time": {
        "average": 1764.9237748999992,
        "min": 1580.9163470000058,
        "max": 1988.1829339999967,
        "std": 136.0976343329302
      }
    },
    "v3": {
      "n_results": 203,
      "n_http_requests": 436,
      "execution_time": {
        "average": 4961.432673999998,
        "min": 4760.759775999992,
        "max": 5164.713524999999,
        "std": 125.3413064383309
      }
    },
    "v4": {
      "n_results": 142,
      "n_http_requests": 280,
      "execution_time": {
        "average": 5214.1837913,
        "min": 4681.4896080000035,
        "max": 5733.439378999989,
        "std": 340.6713063720998
      }
    }
  },
  "interactive-discover-4": {
    "v0": {
      "n_results": 5,
      "n_http_requests": 150,
      "execution_time": {
        "average": 4750.844520600001,
        "min": 4384.114773000008,
        "max": 4996.091950999995,
        "std": 188.269850035377
      }
    },
    "v1": {
      "n_results": 3,
      "n_http_requests": 29,
      "execution_time": {
        "average": 1043.567922999998,
        "min": 938.6343990000023,
        "max": 1107.9906770000089,
        "std": 56.46553884420579
      }
    },
    "v2": {
      "n_results": 3,
      "n_http_requests": 27,
      "execution_time": {
        "average": 904.5904215000016,
        "min": 834.4273759999924,
        "max": 963.5748299999977,
        "std": 41.18591981936077
      }
    },
    "v3": {
      "n_results": 3,
      "n_http_requests": 235,
      "execution_time": {
        "average": 3980.9098048999963,
        "min": 3592.5278049999906,
        "max": 4490.472641999993,
        "std": 262.2336380672975
      }
    },
    "v4": {
      "n_results": 7,
      "n_http_requests": 149,
      "execution_time": {
        "average": 5209.210810899998,
        "min": 4531.5244079999975,
        "max": 5563.263561999993,
        "std": 295.18369864436073
      }
    }
  },
  "interactive-discover-5": {
    "v0": {
      "n_results": 15,
      "n_http_requests": 134,
      "execution_time": {
        "average": 2924.939224599996,
        "min": 2351.9595319999935,
        "max": 3372.7388109999883,
        "std": 348.1422823038002
      }
    },
    "v1": {
      "n_results": 3,
      "n_http_requests": 25,
      "execution_time": {
        "average": 595.170775000003,
        "min": 563.8862800000061,
        "max": 655.5282129999978,
        "std": 27.656929068053238
      }
    },
    "v2": {
      "n_results": 3,
      "n_http_requests": 23,
      "execution_time": {
        "average": 503.437361000001,
        "min": 485.071437000006,
        "max": 529.0153469999932,
        "std": 15.32560712783588
      }
    },
    "v3": {
      "n_results": 4,
      "n_http_requests": 230,
      "execution_time": {
        "average": 2784.4517054999988,
        "min": 2551.262229999993,
        "max": 2947.847557000001,
        "std": 120.75653678988502
      }
    },
    "v4": {
      "n_results": 20,
      "n_http_requests": 129,
      "execution_time": {
        "average": 2785.959690300001,
        "min": 2429.1941499999957,
        "max": 3519.5444140000036,
        "std": 416.5683155961713
      }
    }
  },
  "interactive-discover-6": {
    "v0": {
      "timeout": 120000
    },
    "v1": {
      "n_results": 1,
      "n_http_requests": 25,
      "execution_time": {
        "average": 998.6852788999968,
        "min": 930.9937459999928,
        "max": 1044.6414550000045,
        "std": 38.994964372383826
      }
    },
    "v2": {
      "n_results": 1,
      "n_http_requests": 23,
      "execution_time": {
        "average": 777.2921880000024,
        "min": 738.0730579999945,
        "max": 834.5739489999978,
        "std": 37.45092467577482
      }
    },
    "v3": {
      "timeout": 120000
    },
    "v4": {
      "n_results": 27,
      "n_http_requests": 129,
      "execution_time": {
        "average": 6106.892981,
        "min": 5763.360743000012,
        "max": 6593.113889,
        "std": 299.3368363175942
      }
    }
  },
  "interactive-discover-7": {
    "v0": {
      "timeout": 120000
    },
    "v1": {
      "n_results": 1,
      "n_http_requests": 25,
      "execution_time": {
        "average": 1015.3283257999981,
        "min": 926.7954249999893,
        "max": 1087.9372890000086,
        "std": 56.51312209693922
      }
    },
    "v2": {
      "n_results": 1,
      "n_http_requests": 23,
      "execution_time": {
        "average": 798.2276110000006,
        "min": 743.2723870000045,
        "max": 834.9553920000035,
        "std": 37.89336325128937
      }
    },
    "v3": {
      "timeout": 120000
    },
    "v4": {
      "n_results": 1,
      "n_http_requests": 129,
      "execution_time": {
        "average": 6139.783166300001,
        "min": 5824.175485999993,
        "max": 6721.906512999994,
        "std": 294.82506824096595
      }
    }
  },