{
  "interactive-discover-1": {
    "v0": {
      "n_results": 6,
      "n_http_requests": 134,
      "execution_time": {
        "average": 5598.5670811,
        "min": 5221.902528999999,
        "max": 6602.997252000001,
        "std": 253.23026657835436
      }
    },
    "v1": {
      "n_results": 4,
      "n_http_requests": 26,
      "execution_time": {
        "average": 1138.5933975999985,
        "min": 1050.1027909999975,
        "max": 1225.1885800000018,
        "std": 63.8767978934186
      }
    },
    "v2": {
      "n_results": 1,
      "n_http_requests": 23,
      "execution_time": {
        "average": 923.0463136000005,
        "min": 852.4987649999966,
        "max": 1034.3188570000057,
        "std": 62.00794450726861
      }
    },
    "v3": {
      "n_results": 14,
      "n_http_requests": 230,
      "execution_time": {
        "average": 4768.627826300003,
        "min": 4300.197505000004,
        "max": 5419.624033,
        "std": 448.152861557356
      }
    },
    "v4": {
      "n_results": 8,
      "n_http_requests": 129,
      "execution_time": {
        "average": 5636.043120400001,
        "min": 5256.068810000012,
        "max": 6183.237517999994,
        "std": 263.45685864655707
      }
    }
  },
  "interactive-discover-2": {
    "v0": {
      "n_results": 66,
      "n_http_requests": 134,
      "execution_time": {
        "average": 6245.5486621,
        "min": 5654.588577999995,
        "max": 7060.827994000007,
        "std": 406.7456068190056
      }
    },
    "v1": {
      "n_results": 46,
      "n_http_requests": 26,
      "execution_time": {
        "average": 1281.707871099998,
        "min": 1193.3907980000076,
        "max": 1390.5693219999957,
        "std": 72.9402386769573
      }
    },
    "v2": {
      "n_results": 32,
      "n_http_requests": 23,
      "execution_time": {
        "average": 1007.2875695000009,
        "min": 945.4249170000112,
        "max": 1089.4157669999986,
        "std": 52.55693333261777
      }
    },
    "v3": {
      "n_results": 198,
      "n_http_requests": 230,
      "execution_time": {
        "average": 5134.790990299996,
        "min": 4688.765501000002,
        "max": 5545.372968999989,
        "std": 302.03393843921316
      }
    },
    "v4": {
      "n_results": 98,
      "n_http_requests": 129,
      "execution_time": {
        "average": 6331.567902899999,
        "min": 5813.123328999995,
        "max": 6722.191357000003,
        "std": 326.8271644592692
      }
    }
  },
  "interactive-discover-3": {
    "v0": {
      "n_results": 71,
      "n_http_requests": 260,
      "execution_time": {
        "average": 4276.5281132,
        "min": 3771.829801,
        "max": 4511.90271200001,
        "std": 217.45820984426712
      }
    },
    "v1": {
      "n_results": 67,
      "n_http_requests": 154,
      "execution_time": {
        "average": 2600.6530659999976,
        "min": 2405.7402539999894,
        "max": 3170.915087000001,
        "std": 212.59035500877442
      }
    },
    "v2": {
      "n_results": 55,
      "n_http_requests": 107,
      "execution_time": {
        "average": 1759.5426840999978,
        "min": 1507.4223519999941,
        "max": 1949.8808229999995,
        "std": 147.58620055736995
      }
    },
    "v3": {
      "n_results": 203,
      "n_http_requests": 436,
      "execution_time": {
        "average": 4901.018967499998,
        "min": 4715.095377000005,
        "max": 5295.467749000003,
        "std": 161.2147779839872
      }
    },
    "v4": {
      "n_results": 142,
      "n_http_requests": 280,
      "execution_time": {
        "average": 4849.812531900003,
        "min": 4217.870218000011,
        "max": 5952.6975250000105,
        "std": 530.9070411794117
      }
    }
  },
  "interactive-discover-4": {
    "v0": {
      "n_results": 5,
      "n_http_requests": 150,
      "execution_time": {
        "average": 4821.409099800003,
        "min": 4416.088075000007,
        "max": 5332.238320999997,
        "std": 268.91388558317914
      }
    },
    "v1": {
      "n_results": 3,
      "n_http_requests": 30,
      "execution_time": {
        "average": 1064.0504579999993,
        "min": 988.7496580000006,
        "max": 1161.605509999994,
        "std": 65.37059430013382
      }
    },
    "v2": {
      "n_results": 3,
      "n_http_requests": 27,
      "execution_time": {
        "average": 891.6565812999994,
        "min": 827.8514690000011,
        "max": 959.4511309999943,
        "std": 55.10162890523085
      }
    },
    "v3": {
      "n_results": 3,
      "n_http_requests": 235,
      "execution_time": {
        "average": 3851.4118954000005,
        "min": 3598.4733949999936,
        "max": 4094.513865999994,
        "std": 135.05480760946622
      }
    },
    "v4": {
      "n_results": 7,
      "n_http_requests": 149,
      "execution_time": {
        "average": 4911.5991849,
        "min": 4723.823257999989,
        "max": 5391.911506999997,
        "std": 241.08821617361863
      }
    }
  },
  "interactive-discover-5": {
    "v0": {
      "n_results": 15,
      "n_http_requests": 134,
      "execution_time": {
        "average": 2999.313785399999,
        "min": 2446.742259000006,
        "max": 3791.3803069999994,
        "std": 537.0283391620032
      }
    },
    "v1": {
      "n_results": 3,
      "n_http_requests": 26,
      "execution_time": {
        "average": 607.7305065999986,
        "min": 578.7090349999926,
        "max": 650.9627010000113,
        "std": 21.050895680080583
      }
    },
    "v2": {
      "n_results": 3,
      "n_http_requests": 23,
      "execution_time": {
        "average": 512.4061244000011,
        "min": 489.53579600001103,
        "max": 533.3603640000074,
        "std": 16.168395997900436
      }
    },
    "v3": {
      "n_results": 4,
      "n_http_requests": 230,
      "execution_time": {
        "average": 2667.181873200003,
        "min": 2546.925682999994,
        "max": 2849.936869000012,
        "std": 88.51680139763276
      }
    },
    "v4": {
      "n_results": 20,
      "n_http_requests": 129,
      "execution_time": {
        "average": 2994.2385680000007,
        "min": 2432.7952090000035,
        "max": 3545.124391000005,
        "std": 422.3119268020206
      }
    }
  },
  "interactive-discover-6": {
    "v0": {
      "timeout": 120000
    },
    "v1": {
      "n_results": 1,
      "n_http_requests": 26,
      "execution_time": {
        "average": 986.5666993000035,
        "min": 946.6971259999991,
        "max": 1080.2977950000059,
        "std": 32.71713317853952
      }
    },
    "v2": {
      "n_results": 1,
      "n_http_requests": 23,
      "execution_time": {
        "average": 770.4596849999973,
        "min": 737.0326849999983,
        "max": 830.2918950000021,
        "std": 32.4621981528389
      }
    },
    "v3": {
      "timeout": 120000
    },
    "v4": {
      "n_results": 27,
      "n_http_requests": 129,
      "execution_time": {
        "average": 5920.632520099998,
        "min": 5681.035757999998,
        "max": 6289.031036,
        "std": 189.31355472199445
      }
    }
  },
  "interactive-discover-7": {
    "v0": {
      "timeout": 120000
    },
    "v1": {
      "n_results": 1,
      "n_http_requests": 26,
      "execution_time": {
        "average": 1047.9079057999988,
        "min": 967.3055009999953,
        "max": 1085.1484679999994,
        "std": 43.38683656838164
      }
    },
    "v2": {
      "n_results": 1,
      "n_http_requests": 23,
      "execution_time": {
        "average": 802.7851721,
        "min": 746.3197809999983,
        "max": 836.5987620000087,
        "std": 38.96518553614223
      }
    },
    "v3": {
      "timeout": 120000
    },
    "v4": {
      "n_results": 1,
      "n_http_requests": 129,
      "execution_time": {
        "average": 6064.0287651000035,
        "min": 5767.594628999999,
        "max": 6753.43628899999,
        "std": 202.180762213643
      }
    }
  },