{
  "interactive-discover-1": {
    "v0": {
      "n_results": 6,
      "n_http_requests": 134,
      "execution_time": {
        "average": 5492.527571600001,
        "min": 5144.817544999998,
        "max": 5712.943293999997,
        "std": 185.76441620192824
      }
    },
    "v1": {
      "n_results": 4,
      "n_http_requests": 26,
      "execution_time": {
        "average": 1141.7437477000028,
        "min": 1058.280197999993,
        "max": 1232.9472139999998,
        "std": 67.20179078412409
      }
    },
    "v2": {
      "n_results": 1,
      "n_http_requests": 23,
      "execution_time": {
        "average": 920.790176899996,
        "min": 848.9959479999961,
        "max": 983.0924159999995,
        "std": 49.7877885946738
      }
    },
    "v3": {
      "n_results": 14,
      "n_http_requests": 230,
      "execution_time": {
        "average": 4796.8239252,
        "min": 4234.556295000002,
        "max": 5280.319602999996,
        "std": 300.6642155643899
      }
    },
    "v4": {
      "n_results": 8,
      "n_http_requests": 129,
      "execution_time": {
        "average": 5844.174258399999,
        "min": 5304.307396000004,
        "max": 6102.049192999999,
        "std": 302.1021793346891
      }
    }
  },
  "interactive-discover-2": {
    "v0": {
      "n_results": 66,
      "n_http_requests": 134,
      "execution_time": {
        "average": 6208.248213599999,
        "min": 5697.098041999998,
        "max": 6704.989917999992,
        "std": 335.43415326126046
      }
    },
    "v1": {
      "n_results": 46,
      "n_http_requests": 26,
      "execution_time": {
        "average": 1288.409201399998,
        "min": 1184.4244250000047,
        "max": 1363.8449529999925,
        "std": 64.21458458538862
      }
    },
    "v2": {
      "n_results": 32,
      "n_http_requests": 23,
      "execution_time": {
        "average": 1032.0855813000003,
        "min": 948.2492889999994,
        "max": 1084.1286830000026,
        "std": 57.13686559970087
      }
    },
    "v3": {
      "n_results": 198,
      "n_http_requests": 230,
      "execution_time": {
        "average": 5120.743031600001,
        "min": 4695.352979000003,
        "max": 6029.168265,
        "std": 453.7940618021085
      }
    },
    "v4": {
      "n_results": 98,
      "n_http_requests": 129,
      "execution_time": {
        "average": 6320.8100255,
        "min": 5764.921189999994,
        "max": 7050.171505000006,
        "std": 461.0675481050424
      }
    }
  },
  "interactive-discover-3": {
    "v0": {
      "n_results": 71,
      "n_http_requests": 260,
      "execution_time": {
        "average": 4524.397157000002,
        "min": 3752.5048030000034,
        "max": 5609.004450000008,
        "std": 597.1091327420904
      }
    },
    "v1": {
      "n_results": 67,
      "n_http_requests": 154,
      "execution_time": {
        "average": 2581.9100665000005,
        "min": 2017.6081119999872,
        "max": 3095.455890000012,
        "std": 349.63067217555755
      }
    },
    "v2": {
      "n_results": 55,
      "n_http_requests": 107,
      "execution_time": {
        "average": 1768.0102486999997,
        "min": 1580.2735050000047,
        "max": 1972.6985060000006,
        "std": 142.28613525747056
      }
    },
    "v3": {
      "n_results": 203,
      "n_http_requests": 436,
      "execution_time": {
        "average": 4962.254236000001,
        "min": 4750.3525729999965,
        "max": 5555.164066999991,
        "std": 238.16362889481246
      }
    },
    "v4": {
      "n_results": 142,
      "n_http_requests": 280,
      "execution_time": {
        "average": 4839.1874033,
        "min": 4238.976418999999,
        "max": 6391.784873000011,
        "std": 618.7933078103314
      }
    }
  },
  "interactive-discover-4": {
    "v0": {
      "n_results": 5,
      "n_http_requests": 150,
      "execution_time": {
        "average": 4988.324795200002,
        "min": 4420.444482000006,
        "max": 5833.420211999997,
        "std": 491.452384746641
      }
    },
    "v1": {
      "n_results": 3,
      "n_http_requests": 30,
      "execution_time": {
        "average": 1076.6162636000022,
        "min": 992.1067790000088,
        "max": 1147.9401599999983,
        "std": 55.954225188857166
      }
    },
    "v2": {
      "n_results": 3,
      "n_http_requests": 27,
      "execution_time": {
        "average": 897.54421,
        "min": 811.2756660000014,
        "max": 968.1136260000058,
        "std": 46.51067363364727
      }
    },
    "v3": {
      "n_results": 3,
      "n_http_requests": 235,
      "execution_time": {
        "average": 3942.152548699999,
        "min": 3618.4755469999945,
        "max": 4674.802574000001,
        "std": 321.2818034332447
      }
    },
    "v4": {
      "n_results": 7,
      "n_http_requests": 149,
      "execution_time": {
        "average": 5241.817207399998,
        "min": 4653.461139000006,
        "max": 5722.552579999989,
        "std": 381.2774301981513
      }
    }
  },
  "interactive-discover-5": {
    "v0": {
      "n_results": 15,
      "n_http_requests": 134,
      "execution_time": {
        "average": 2905.2648148000007,
        "min": 2368.6523029999953,
        "max": 3732.461952999991,
        "std": 460.884173472719
      }
    },
    "v1": {
      "n_results": 3,
      "n_http_requests": 26,
      "execution_time": {
        "average": 601.8698500000013,
        "min": 572.3042169999972,
        "max": 636.061440999998,
        "std": 23.668212380941494
      }
    },
    "v2": {
      "n_results": 3,
      "n_http_requests": 23,
      "execution_time": {
        "average": 516.9461714999998,
        "min": 498.85008400000515,
        "max": 531.823642000003,
        "std": 13.847509833674307
      }
    },
    "v3": {
      "n_results": 4,
      "n_http_requests": 230,
      "execution_time": {
        "average": 2813.9567657000007,
        "min": 2558.840332000007,
        "max": 2981.0460789999925,
        "std": 140.51157552513746
      }
    },
    "v4": {
      "n_results": 20,
      "n_http_requests": 129,
      "execution_time": {
        "average": 3013.523459200004,
        "min": 2412.6657260000065,
        "max": 3534.9735250000085,
        "std": 454.9718788456084
      }
    }
  },
  "interactive-discover-6": {
    "v0": {
      "timeout": 120000
    },
    "v1": {
      "n_results": 1,
      "n_http_requests": 26,
      "execution_time": {
        "average": 998.5229389,
        "min": 940.7180039999948,
        "max": 1095.5291309999884,
        "std": 47.456359353847404
      }
    },
    "v2": {
      "n_results": 1,
      "n_http_requests": 23,
      "execution_time": {
        "average": 797.4607272000009,
        "min": 742.6716830000078,
        "max": 822.553528000004,
        "std": 16.382911096316484
      }
    },
    "v3": {
      "timeout": 120000
    },
    "v4": {
      "n_results": 27,
      "n_http_requests": 129,
      "execution_time": {
        "average": 6146.803100500003,
        "min": 5836.546047000011,
        "max": 6394.197260000001,
        "std": 183.9893566914907
      }
    }
  },
  "interactive-discover-7": {
    "v0": {
      "timeout": 120000
    },
    "v1": {
      "n_results": 1,
      "n_http_requests": 26,
      "execution_time": {
        "average": 1023.0438408000002,
        "min": 958.7036050000024,
        "max": 1143.5915139999997,
        "std": 53.02688059862882
      }
    },
    "v2": {
      "n_results": 1,
      "n_http_requests": 23,
      "execution_time": {
        "average": 795.724569799997,
        "min": 748.680217999994,
        "max": 848.950742999994,
        "std": 42.092836886860674
      }
    },
    "v3": {
      "timeout": 120000
    },
    "v4": {
      "n_results": 1,
      "n_http_requests": 129,
      "execution_time": {
        "average": 6146.416819599998,
        "min": 5679.543231999996,
        "max": 6691.847228000013,
        "std": 376.26229372890435
      }
    }
  },