{
  "interactive-discover-1": {
    "v0": {
      "n_results": 6,
      "n_http_requests": 127,
      "execution_time": {
        "average": 5734.689653800002,
        "min": 5338.700540000005,
        "max": 6105.008656000005,
        "std": 317.1181429850478
      }
    },
    "v1": {
      "n_results": 4,
      "n_http_requests": 11,
      "execution_time": {
        "average": 379.18938249999917,
        "min": 362.97026899999764,
        "max": 409.7887270000065,
        "std": 9.892595037965068
      }
    },
    "v2": {
      "n_results": 1,
      "n_http_requests": 23,
      "execution_time": {
        "average": 912.2883417000048,
        "min": 847.0163570000004,
        "max": 992.1243860000104,
        "std": 58.30887675375103
      }
    },
    "v3": {
      "n_results": 14,
      "n_http_requests": 25,
      "execution_time": {
        "average": 670.607002699998,
        "min": 635.6234229999973,
        "max": 723.4498119999917,
        "std": 24.62547141296558
      }
    },
    "v4": {
      "n_results": 8,
      "n_http_requests": 67,
      "execution_time": {
        "average": 4342.4155402999995,
        "min": 3967.9037869999884,
        "max": 4671.124821999998,
        "std": 248.71930480574736
      }
    }
  },
  "interactive-discover-2": {
    "v0": {
      "n_results": 66,
      "n_http_requests": 127,
      "execution_time": {
        "average": 6472.8049640000045,
        "min": 5997.904336000007,
        "max": 6805.903747000004,
        "std": 265.34915586182393
      }
    },
    "v1": {
      "n_results": 46,
      "n_http_requests": 12,
      "execution_time": {
        "average": 986.9286178999988,
        "min": 930.9311060000036,
        "max": 1032.0162359999958,
        "std": 35.23805937434423
      }
    },
    "v2": {
      "n_results": 32,
      "n_http_requests": 23,
      "execution_time": {
        "average": 1043.3032859999992,
        "min": 950.4743560000061,
        "max": 1144.5505489999923,
        "std": 88.99566277975383
      }
    },
    "v3": {
      "n_results": 198,
      "n_http_requests": 218,
      "execution_time": {
        "average": 5043.089553499999,
        "min": 4514.189293000003,
        "max": 6065.728953000013,
        "std": 465.8435510915101
      }
    },
    "v4": {
      "n_results": 98,
      "n_http_requests": 122,
      "execution_time": {
        "average": 6142.830880500002,
        "min": 5839.132048999993,
        "max": 6704.477815999999,
        "std": 323.57776643116637
      }
    }
  },
  "interactive-discover-3": {
    "v0": {
      "n_results": 71,
      "n_http_requests": 253,
      "execution_time": {
        "average": 4604.174923099999,
        "min": 4210.420809000003,
        "max": 4843.970093999989,
        "std": 191.78965083915355
      }
    },
    "v1": {
      "n_results": 67,
      "n_http_requests": 157,
      "execution_time": {
        "average": 2285.901905900003,
        "min": 1946.2009830000025,
        "max": 2527.5436370000098,
        "std": 157.94260144892317
      }
    },
    "v2": {
      "n_results": 55,
      "n_http_requests": 107,
      "execution_time": {
        "average": 1778.1979155000008,
        "min": 1641.8504160000011,
        "max": 1911.631144999992,
        "std": 95.95601415808804
      }
    },
    "v3": {
      "n_results": 203,
      "n_http_requests": 424,
      "execution_time": {
        "average": 4876.704218799998,
        "min": 4516.766441,
        "max": 5831.7271150000015,
        "std": 361.2805699222269
      }
    },
    "v4": {
      "n_results": 142,
      "n_http_requests": 273,
      "execution_time": {
        "average": 4877.7085267,
        "min": 4278.870517999996,
        "max": 5214.2528509999975,
        "std": 290.8139457971229
      }
    }
  },
  "interactive-discover-4": {
    "v0": {
      "n_results": 5,
      "n_http_requests": 143,
      "execution_time": {
        "average": 4949.3011514,
        "min": 4674.763134000008,
        "max": 5434.3027329999895,
        "std": 271.8605290221418
      }
    },
    "v1": {
      "n_results": 3,
      "n_http_requests": 31,
      "execution_time": {
        "average": 1073.0667674999975,
        "min": 1004.7230529999943,
        "max": 1161.2459499999968,
        "std": 55.55471329017079
      }
    },
    "v2": {
      "n_results": 3,
      "n_http_requests": 27,
      "execution_time": {
        "average": 900.3656193000003,
        "min": 834.8173270000116,
        "max": 949.1925709999923,
        "std": 35.92797619388594
      }
    },
    "v3": {
      "n_results": 3,
      "n_http_requests": 239,
      "execution_time": {
        "average": 4162.861938900003,
        "min": 3821.1492,
        "max": 5245.067046000011,
        "std": 216.09116781780367
      }
    },
    "v4": {
      "n_results": 7,
      "n_http_requests": 153,
      "execution_time": {
        "average": 5273.017877299996,
        "min": 4942.395464999994,
        "max": 5804.714477999994,
        "std": 287.8810374862466
      }
    }
  },
  "interactive-discover-5": {
    "v0": {
      "n_results": 15,
      "n_http_requests": 127,
      "execution_time": {
        "average": 3284.5743957000013,
        "min": 2978.3084760000056,
        "max": 3731.2724940000044,
        "std": 285.45894181025363
      }
    },
    "v1": {
      "n_results": 3,
      "n_http_requests": 12,
      "execution_time": {
        "average": 446.4910618999987,
        "min": 414.1750719999982,
        "max": 477.95258099999046,
        "std": 20.044057310424478
      }
    },
    "v2": {
      "n_results": 3,
      "n_http_requests": 8,
      "execution_time": {
        "average": 329.7502891000011,
        "min": 319.4928260000015,
        "max": 349.2134970000043,
        "std": 9.582353156900483
      }
    },
    "v3": {
      "n_results": 2,
      "n_http_requests": 25,
      "execution_time": {
        "average": 469.29375680000084,
        "min": 449.79333299999416,
        "max": 489.7590259999997,
        "std": 12.80188832600258
      }
    },
    "v4": {
      "n_results": 13,
      "n_http_requests": 67,
      "execution_time": {
        "average": 1985.7421447999993,
        "min": 1634.803682999991,
        "max": 2218.591487999991,
        "std": 255.48505297125172
      }
    }
  },
  "interactive-discover-6": {
    "v0": {
      "timeout": 120000
    },
    "v1": {
      "n_results": 1,
      "n_http_requests": 29,
      "execution_time": {
        "average": 1016.8806913000008,
        "min": 956.3838640000031,
        "max": 1096.5866059999971,
        "std": 49.78822087284288
      }
    },
    "v2": {
      "n_results": 1,
      "n_http_requests": 23,
      "execution_time": {
        "average": 742.7935968000005,
        "min": 713.8166409999976,
        "max": 771.1235520000046,
        "std": 25.211990325663603
      }
    },
    "v3": {
      "timeout": 120000
    },
    "v4": {
      "n_results": 27,
      "n_http_requests": 133,
      "execution_time": {
        "average": 6834.803979100002,
        "min": 6491.8731909999915,
        "max": 7184.437996000008,
        "std": 238.02860186777153
      }
    }
  },
  "interactive-discover-7": {
    "v0": {
      "timeout": 120000
    },
    "v1": {
      "n_results": 1,
      "n_http_requests": 29,
      "execution_time": {
        "average": 1082.8994652000008,
        "min": 989.6622080000088,
        "max": 1148.167272000006,
        "std": 47.51781246939975
      }
    },
    "v2": {
      "n_results": 1,
      "n_http_requests": 23,
      "execution_time": {
        "average": 760.5364244000011,
        "min": 720.2165260000038,
        "max": 827.4365459999972,
        "std": 34.95540769693561
      }
    },
    "v3": {
      "timeout": 120000
    },
    "v4": {
      "n_results": 1,
      "n_http_requests": 133,
      "execution_time": {
        "average": 6353.747291599995,
        "min": 6045.899011999994,
        "max": 6913.298223999998,
        "std": 299.3036898052291
      }
    }
  },