{
  "interactive-discover-1": {
    "v0": {
      "n_results": 6,
      "n_http_requests": 127,
      "execution_time": {
        "average": 5506.865942000004,
        "min": 5344.773289000004,
        "max": 5872.224571000013,
        "std": 133.69821588526892
      }
    },
    "v1": {
      "n_results": 4,
      "n_http_requests": 19,
      "execution_time": {
        "average": 1047.164646000001,
        "min": 964.9994640000077,
        "max": 1117.9244029999973,
        "std": 60.484550226680646
      }
    },
    "v2": {
      "n_results": 1,
      "n_http_requests": 16,
      "execution_time": {
        "average": 793.1765432499997,
        "min": 750.7957180000085,
        "max": 851.0751420000015,
        "std": 50.62623928028199
      }
    },
    "v3": {
      "n_results": 14,
      "n_http_requests": 223,
      "execution_time": {
        "average": 4692.535663500006,
        "min": 4266.787209000002,
        "max": 5227.376691000012,
        "std": 459.76729640601525
      }
    },
    "v4": {
      "n_results": 8,
      "n_http_requests": 122,
      "execution_time": {
        "average": 5718.061508500003,
        "min": 5224.945393999995,
        "max": 6095.258483000012,
        "std": 388.2929337726166
      }
    }
  },
  "interactive-discover-2": {
    "v0": {
      "n_results": 66,
      "n_http_requests": 127,
      "execution_time": {
        "average": 6753.756265499993,
        "min": 6449.481549999997,
        "max": 7128.07435499999,
        "std": 223.1870446071165
      }
    },
    "v1": {
      "n_results": 46,
      "n_http_requests": 19,
      "execution_time": {
        "average": 1145.2602760000009,
        "min": 1076.7127110000001,
        "max": 1217.3477249999996,
        "std": 66.05228060331432
      }
    },
    "v2": {
      "n_results": 32,
      "n_http_requests": 16,
      "execution_time": {
        "average": 880.0334315,
        "min": 840.6199439999909,
        "max": 959.735944,
        "std": 35.70492698094912
      }
    },
    "v3": {
      "n_results": 198,
      "n_http_requests": 223,
      "execution_time": {
        "average": 5046.306535499996,
        "min": 4730.7463359999965,
        "max": 5352.768915999986,
        "std": 276.4553367328396
      }
    },
    "v4": {
      "n_results": 98,
      "n_http_requests": 122,
      "execution_time": {
        "average": 6252.588809000001,
        "min": 5946.791146999996,
        "max": 6413.241605000003,
        "std": 207.10306645625744
      }
    }
  },
  "interactive-discover-3": {
    "v0": {
      "n_results": 71,
      "n_http_requests": 253,
      "execution_time": {
        "average": 4707.401671500003,
        "min": 4489.633687000009,
        "max": 4925.3440539999865,
        "std": 184.95298573800966
      }
    },
    "v1": {
      "n_results": 67,
      "n_http_requests": 147,
      "execution_time": {
        "average": 2775.7781972500015,
        "min": 2351.436176000003,
        "max": 2990.444002999997,
        "std": 277.3271500662363
      }
    },
    "v2": {
      "n_results": 55,
      "n_http_requests": 100,
      "execution_time": {
        "average": 1707.190802000001,
        "min": 1648.1930649999995,
        "max": 1820.6735849999968,
        "std": 48.09766234976669
      }
    },
    "v3": {
      "n_results": 203,
      "n_http_requests": 429,
      "execution_time": {
        "average": 5955.974578999998,
        "min": 5322.064410000006,
        "max": 6664.417487999992,
        "std": 591.4785530307404
      }
    },
    "v4": {
      "n_results": 142,
      "n_http_requests": 273,
      "execution_time": {
        "average": 4742.365812,
        "min": 4145.743552,
        "max": 5310.728766999993,
        "std": 382.88903750919485
      }
    }
  },
  "interactive-discover-4": {
    "v0": {
      "n_results": 5,
      "n_http_requests": 143,
      "execution_time": {
        "average": 4969.592386249995,
        "min": 4753.016115999999,
        "max": 5214.098144999996,
        "std": 207.30118644038654
      }
    },
    "v1": {
      "n_results": 3,
      "n_http_requests": 23,
      "execution_time": {
        "average": 942.1428867499999,
        "min": 884.2037920000002,
        "max": 992.7530939999997,
        "std": 40.725839690746184
      }
    },
    "v2": {
      "n_results": 3,
      "n_http_requests": 20,
      "execution_time": {
        "average": 745.7918234999961,
        "min": 712.8499819999997,
        "max": 786.3274200000014,
        "std": 36.35167722402046
      }
    },
    "v3": {
      "n_results": 3,
      "n_http_requests": 228,
      "execution_time": {
        "average": 4195.608847500003,
        "min": 3726.681089999998,
        "max": 4516.03463200001,
        "std": 299.4973218052906
      }
    },
    "v4": {
      "n_results": 7,
      "n_http_requests": 142,
      "execution_time": {
        "average": 4884.960058000008,
        "min": 4615.212404000005,
        "max": 5214.927852000008,
        "std": 265.1724914872403
      }
    }
  },
  "interactive-discover-5": {
    "v0": {
      "n_results": 15,
      "n_http_requests": 127,
      "execution_time": {
        "average": 3220.499601249998,
        "min": 2858.7349530000065,
        "max": 3718.1956809999974,
        "std": 376.2176833475911
      }
    },
    "v1": {
      "n_results": 3,
      "n_http_requests": 19,
      "execution_time": {
        "average": 495.69343125000523,
        "min": 475.2729240000044,
        "max": 537.236757000006,
        "std": 20.538500030873145
      }
    },
    "v2": {
      "n_results": 3,
      "n_http_requests": 16,
      "execution_time": {
        "average": 389.6018162500004,
        "min": 370.5063689999952,
        "max": 404.55062900000485,
        "std": 16.546093834328865
      }
    },
    "v3": {
      "n_results": 4,
      "n_http_requests": 223,
      "execution_time": {
        "average": 2704.3470582500013,
        "min": 2447.705092000004,
        "max": 2871.6488380000083,
        "std": 107.46766508317674
      }
    },
    "v4": {
      "n_results": 20,
      "n_http_requests": 122,
      "execution_time": {
        "average": 3122.205766750001,
        "min": 2410.5349340000103,
        "max": 3865.963942999995,
        "std": 692.2662383950869
      }
    }
  },
  "interactive-discover-6": {
    "v0": {
      "timeout": 120000
    },
    "v1": {
      "n_results": 1,
      "n_http_requests": 19,
      "execution_time": {
        "average": 855.1565572500003,
        "min": 826.5347810000094,
        "max": 907.7032340000005,
        "std": 39.66783425587785
      }
    },
    "v2": {
      "n_results": 1,
      "n_http_requests": 16,
      "execution_time": {
        "average": 658.5344842500017,
        "min": 624.8333390000043,
        "max": 673.3770080000104,
        "std": 25.787979984700883
      }
    },
    "v3": {
      "timeout": 120000
    },
    "v4": {
      "n_results": 27,
      "n_http_requests": 122,
      "execution_time": {
        "average": 6232.477796500003,
        "min": 6022.286166999998,
        "max": 6377.827862000006,
        "std": 148.52119915905638
      }
    }
  },
  "interactive-discover-7": {
    "v0": {
      "timeout": 120000
    },
    "v1": {
      "n_results": 1,
      "n_http_requests": 19,
      "execution_time": {
        "average": 916.9903822500055,
        "min": 877.6892550000048,
        "max": 938.2186950000032,
        "std": 23.044310174257493
      }
    },
    "v2": {
      "n_results": 1,
      "n_http_requests": 16,
      "execution_time": {
        "average": 670.5242802500034,
        "min": 641.587188999998,
        "max": 701.3108640000137,
        "std": 30.552489496476362
      }
    },
    "v3": {
      "timeout": 120000
    },
    "v4": {
      "n_results": 1,
      "n_http_requests": 122,
      "execution_time": {
        "average": 6187.0532685,
        "min": 5768.004820000002,
        "max": 6469.781980999993,
        "std": 298.3443948120184
      }
    }
  },