{
  "interactive-discover-1": {
    "v0": {
      "n_results": 6,
      "n_http_requests": 87,
      "execution_time": {
        "average": 4517.6332711000005,
        "min": 4214.730657000007,
        "max": 4864.596158999993,
        "std": 208.9043385836368
      }
    },
    "v1": {
      "n_results": 4,
      "n_http_requests": 18,
      "execution_time": {
        "average": 356.3158382999993,
        "min": 342.79219400000875,
        "max": 404.81588999999803,
        "std": 11.743536082651778
      }
    },
    "v2": {
      "n_results": 1,
      "n_http_requests": 18,
      "execution_time": {
        "average": 291.79314746000074,
        "min": 281.21242299998994,
        "max": 338.9195699999982,
        "std": 9.114530973852425
      }
    },
    "v3": {
      "n_results": 14,
      "n_http_requests": 33,
      "execution_time": {
        "average": 701.3047898399999,
        "min": 660.2378420000023,
        "max": 756.5959509999957,
        "std": 23.681709593860848
      }
    },
    "v4": {
      "n_results": 8,
      "n_http_requests": 75,
      "execution_time": {
        "average": 4199.163876820001,
        "min": 3913.542791999993,
        "max": 4500.744078000003,
        "std": 196.65765677445913
      }
    }
  },
  "interactive-discover-2": {
    "v0": {
      "n_results": 66,
      "n_http_requests": 127,
      "execution_time": {
        "average": 6004.986068300001,
        "min": 5471.211915000007,
        "max": 6732.550036000001,
        "std": 332.08331856356074
      }
    },
    "v1": {
      "n_results": 46,
      "n_http_requests": 19,
      "execution_time": {
        "average": 970.2260440399978,
        "min": 908.090498000005,
        "max": 1100.1656719999883,
        "std": 36.97137647240892
      }
    },
    "v2": {
      "n_results": 32,
      "n_http_requests": 19,
      "execution_time": {
        "average": 767.4523055199996,
        "min": 724.376694000006,
        "max": 820.8507650000101,
        "std": 22.507334872287977
      }
    },
    "v3": {
      "n_results": 198,
      "n_http_requests": 218,
      "execution_time": {
        "average": 5631.507891179998,
        "min": 5103.123219999994,
        "max": 6204.5344900000055,
        "std": 350.94411240357675
      }
    },
    "v4": {
      "n_results": 98,
      "n_http_requests": 122,
      "execution_time": {
        "average": 6130.560301060002,
        "min": 5538.552716000006,
        "max": 7034.537970999998,
        "std": 422.1487347440252
      }
    }
  },
  "interactive-discover-3": {
    "v0": {
      "n_results": 71,
      "n_http_requests": 253,
      "execution_time": {
        "average": 4187.673702580002,
        "min": 3654.6586950000055,
        "max": 5211.193182000003,
        "std": 407.6387754420851
      }
    },
    "v1": {
      "n_results": 67,
      "n_http_requests": 147,
      "execution_time": {
        "average": 2152.396987099999,
        "min": 1635.9373659999983,
        "max": 2528.4381450000074,
        "std": 250.26508538089487
      }
    },
    "v2": {
      "n_results": 55,
      "n_http_requests": 103,
      "execution_time": {
        "average": 1723.7250531399995,
        "min": 1472.6430890000047,
        "max": 1994.8753969999962,
        "std": 130.94771590130938
      }
    },
    "v3": {
      "n_results": 203,
      "n_http_requests": 424,
      "execution_time": {
        "average": 6125.261258820003,
        "min": 5757.350439999995,
        "max": 6732.621857000006,
        "std": 204.909494560229
      }
    },
    "v4": {
      "n_results": 142,
      "n_http_requests": 273,
      "execution_time": {
        "average": 4658.122952919999,
        "min": 3889.1132589999906,
        "max": 6703.831367000006,
        "std": 530.6770681701875
      }
    }
  },
  "interactive-discover-4": {
    "v0": {
      "n_results": 5,
      "n_http_requests": 62,
      "execution_time": {
        "average": 1283.6951385400007,
        "min": 1197.5596559999976,
        "max": 1440.8918200000044,
        "std": 64.98182201220021
      }
    },
    "v1": {
      "n_results": 3,
      "n_http_requests": 21,
      "execution_time": {
        "average": 742.6121710999997,
        "min": 707.1485760000069,
        "max": 786.605080999987,
        "std": 19.77274851913529
      }
    },
    "v2": {
      "n_results": 3,
      "n_http_requests": 21,
      "execution_time": {
        "average": 651.1028212199989,
        "min": 616.2990310000023,
        "max": 706.5476280000003,
        "std": 20.451446552018734
      }
    },
    "v3": {
      "n_results": 3,
      "n_http_requests": 205,
      "execution_time": {
        "average": 4336.777388759999,
        "min": 3946.6427609999955,
        "max": 4687.0016719999985,
        "std": 241.27580963211014
      }
    },
    "v4": {
      "n_results": 7,
      "n_http_requests": 71,
      "execution_time": {
        "average": 1660.493395340001,
        "min": 1521.3752000000095,
        "max": 1830.5122670000128,
        "std": 80.43518633705932
      }
    }
  },
  "interactive-discover-5": {
    "v0": {
      "n_results": 15,
      "n_http_requests": 127,
      "execution_time": {
        "average": 2713.59486498,
        "min": 2336.4505530000024,
        "max": 3354.4288550000056,
        "std": 376.4232145795333
      }
    },
    "v1": {
      "n_results": 3,
      "n_http_requests": 19,
      "execution_time": {
        "average": 428.824233099999,
        "min": 398.28478699999687,
        "max": 458.27835299998696,
        "std": 15.98069157267152
      }
    },
    "v2": {
      "n_results": 3,
      "n_http_requests": 19,
      "execution_time": {
        "average": 371.9435582000011,
        "min": 347.67580699999235,
        "max": 404.52916099999857,
        "std": 13.843234658080718
      }
    },
    "v3": {
      "n_results": 4,
      "n_http_requests": 218,
      "execution_time": {
        "average": 3252.1679049399995,
        "min": 2964.813697999998,
        "max": 3488.1490129999875,
        "std": 153.65204015381806
      }
    },
    "v4": {
      "n_results": 20,
      "n_http_requests": 122,
      "execution_time": {
        "average": 2743.9533217600024,
        "min": 2328.8084970000054,
        "max": 3353.8883600000117,
        "std": 369.7059058003098
      }
    }
  },
  "interactive-discover-6": {
    "v0": {
      "timeout": 120000
    },
    "v1": {
      "n_results": 1,
      "n_http_requests": 30,
      "execution_time": {
        "average": 991.71227404,
        "min": 946.1363759999949,
        "max": 1050.4787839999917,
        "std": 28.0780566716449
      }
    },
    "v2": {
      "n_results": 1,
      "n_http_requests": 27,
      "execution_time": {
        "average": 760.1598269799998,
        "min": 731.6525260000053,
        "max": 803.435937000002,
        "std": 18.369108363056334
      }
    },
    "v3": {
      "timeout": 120000
    },
    "v4": {
      "n_results": 27,
      "n_http_requests": 133,
      "execution_time": {
        "average": 6614.24829308,
        "min": 6102.517705999999,
        "max": 7222.844360000003,
        "std": 270.6268851105527
      }
    }
  },
  "interactive-discover-7": {
    "v0": {
      "timeout": 120000
    },
    "v1": {
      "n_results": 1,
      "n_http_requests": 30,
      "execution_time": {
        "average": 1000.6867475800033,
        "min": 950.3871459999937,
        "max": 1076.6995660000102,
        "std": 31.590673674561106
      }
    },
    "v2": {
      "n_results": 1,
      "n_http_requests": 27,
      "execution_time": {
        "average": 790.8693470800001,
        "min": 747.3367920000019,
        "max": 889.1948019999982,
        "std": 30.473246412971896
      }
    },
    "v3": {
      "timeout": 120000
    },
    "v4": {
      "n_results": 1,
      "n_http_requests": 133,
      "execution_time": {
        "average": 6239.197184919999,
        "min": 5619.627492,
        "max": 6780.962027000001,
        "std": 284.9577115019085
      }
    }
  },