{
  "interactive-discover-1": {
    "v0": {
      "n_results": 6,
      "n_http_requests": 150,
      "execution_time": {
        "average": 6114.0150492799985,
        "min": 5639.484389000005,
        "max": 6877.572625000001,
        "std": 306.0060964395683
      }
    },
    "v1": {
      "n_results": 4,
      "n_http_requests": 14,
      "execution_time": {
        "average": 422.33486683999973,
        "min": 400.43431700000656,
        "max": 470.5380679999944,
        "std": 14.690348772744487
      }
    },
    "v2": {
      "n_results": 1,
      "n_http_requests": 18,
      "execution_time": {
        "average": 292.1238639599993,
        "min": 280.09075600000506,
        "max": 313.7114650000003,
        "std": 7.378740447898574
      }
    },
    "v3": {
      "n_results": 14,
      "n_http_requests": 29,
      "execution_time": {
        "average": 749.2259812199994,
        "min": 703.8206990000035,
        "max": 830.4896819999994,
        "std": 29.37781388886243
      }
    },
    "v4": {
      "n_results": 8,
      "n_http_requests": 72,
      "execution_time": {
        "average": 4102.305263919997,
        "min": 3862.561228000006,
        "max": 4389.221779999993,
        "std": 178.52265198232135
      }
    }
  },
  "interactive-discover-2": {
    "v0": {
      "n_results": 66,
      "n_http_requests": 137,
      "execution_time": {
        "average": 6203.36332946,
        "min": 5795.572043000007,
        "max": 7364.377465999991,
        "std": 370.64619416173247
      }
    },
    "v1": {
      "n_results": 46,
      "n_http_requests": 15,
      "execution_time": {
        "average": 1020.7968909999993,
        "min": 977.4911680000077,
        "max": 1106.9761509999953,
        "std": 32.499698795965415
      }
    },
    "v2": {
      "n_results": 32,
      "n_http_requests": 19,
      "execution_time": {
        "average": 761.8260683999994,
        "min": 731.7015930000052,
        "max": 811.6200119999994,
        "std": 20.637070938262834
      }
    },
    "v3": {
      "n_results": 198,
      "n_http_requests": 214,
      "execution_time": {
        "average": 5705.149386779999,
        "min": 5041.430719999989,
        "max": 6315.817494999996,
        "std": 352.4886299615935
      }
    },
    "v4": {
      "n_results": 98,
      "n_http_requests": 130,
      "execution_time": {
        "average": 6219.387593639998,
        "min": 5717.5759839999955,
        "max": 7057.278462000002,
        "std": 331.5057082462642
      }
    }
  },
  "interactive-discover-3": {
    "v0": {
      "n_results": 49,
      "n_http_requests": 105,
      "execution_time": {
        "average": 1530.857917139998,
        "min": 1371.2226789999986,
        "max": 1715.3346269999893,
        "std": 101.3783925723526
      }
    },
    "v1": {
      "n_results": 67,
      "n_http_requests": 151,
      "execution_time": {
        "average": 2042.6922403799995,
        "min": 1764.5275859999965,
        "max": 2662.173014,
        "std": 210.27593999712107
      }
    },
    "v2": {
      "n_results": 55,
      "n_http_requests": 103,
      "execution_time": {
        "average": 1714.230317180001,
        "min": 1405.1877329999988,
        "max": 1925.3843630000047,
        "std": 141.4686856168645
      }
    },
    "v3": {
      "n_results": 203,
      "n_http_requests": 430,
      "execution_time": {
        "average": 6295.123037539999,
        "min": 5925.548567999998,
        "max": 6916.857659999994,
        "std": 210.0667531755208
      }
    },
    "v4": {
      "n_results": 32,
      "n_http_requests": 111,
      "execution_time": {
        "average": 2623.7810693,
        "min": 2370.6641209999943,
        "max": 2890.1273320000037,
        "std": 179.73458419660227
      }
    }
  },
  "interactive-discover-4": {
    "v0": {
      "n_results": 5,
      "n_http_requests": 61,
      "execution_time": {
        "average": 1305.46813592,
        "min": 1218.1655349999928,
        "max": 1428.1078239999915,
        "std": 56.30166672807949
      }
    },
    "v1": {
      "n_results": 3,
      "n_http_requests": 25,
      "execution_time": {
        "average": 931.5649411200015,
        "min": 881.9378060000017,
        "max": 1007.1489830000064,
        "std": 38.674108629025476
      }
    },
    "v2": {
      "n_results": 3,
      "n_http_requests": 21,
      "execution_time": {
        "average": 647.0381537799997,
        "min": 610.5800500000041,
        "max": 695.6761289999995,
        "std": 20.217909699836408
      }
    },
    "v3": {
      "n_results": 3,
      "n_http_requests": 210,
      "execution_time": {
        "average": 4580.51715902,
        "min": 4107.482877999995,
        "max": 4875.394920000006,
        "std": 212.03214450122238
      }
    },
    "v4": {
      "n_results": 7,
      "n_http_requests": 163,
      "execution_time": {
        "average": 5276.794559499998,
        "min": 4791.790489000006,
        "max": 5881.909522000002,
        "std": 348.35675023809785
      }
    }
  },
  "interactive-discover-5": {
    "v0": {
      "n_results": 5,
      "n_http_requests": 55,
      "execution_time": {
        "average": 732.6047267199997,
        "min": 685.2977370000008,
        "max": 850.8606519999885,
        "std": 32.13496791630207
      }
    },
    "v1": {
      "n_results": 3,
      "n_http_requests": 15,
      "execution_time": {
        "average": 489.4212659199999,
        "min": 462.3866740000085,
        "max": 537.717279000004,
        "std": 17.966265352340248
      }
    },
    "v2": {
      "n_results": 3,
      "n_http_requests": 19,
      "execution_time": {
        "average": 369.7997980999993,
        "min": 349.1626039999974,
        "max": 413.7515870000061,
        "std": 15.023106551981
      }
    },
    "v3": {
      "n_results": 4,
      "n_http_requests": 214,
      "execution_time": {
        "average": 3383.7691850000015,
        "min": 3056.705986000001,
        "max": 3609.6229840000015,
        "std": 162.60585449408018
      }
    },
    "v4": {
      "n_results": 13,
      "n_http_requests": 72,
      "execution_time": {
        "average": 1987.38330038,
        "min": 1637.5037350000057,
        "max": 2363.0330689999973,
        "std": 277.7395587966247
      }
    }
  },
  "interactive-discover-6": {
    "v0": {
      "timeout": 120000
    },
    "v1": {
      "n_results": 1,
      "n_http_requests": 34,
      "execution_time": {
        "average": 1164.0051911000005,
        "min": 1069.9349039999943,
        "max": 1278.7664829999994,
        "std": 53.261962486484904
      }
    },
    "v2": {
      "n_results": 1,
      "n_http_requests": 27,
      "execution_time": {
        "average": 763.682848320001,
        "min": 729.6769160000113,
        "max": 812.973199,
        "std": 20.83412922537822
      }
    },
    "v3": {
      "timeout": 120000
    },
    "v4": {
      "n_results": 27,
      "n_http_requests": 143,
      "execution_time": {
        "average": 6596.568540460001,
        "min": 6175.631216999987,
        "max": 7188.476445999986,
        "std": 256.7814490658983
      }
    }
  },
  "interactive-discover-7": {
    "v0": {
      "timeout": 120000
    },
    "v1": {
      "n_results": 1,
      "n_http_requests": 34,
      "execution_time": {
        "average": 1180.4736168400016,
        "min": 1106.6015069999994,
        "max": 1268.0903870000038,
        "std": 43.7976275334231
      }
    },
    "v2": {
      "n_results": 1,
      "n_http_requests": 27,
      "execution_time": {
        "average": 785.3583148199989,
        "min": 739.5076100000006,
        "max": 836.6644399999932,
        "std": 26.734451613171625
      }
    },
    "v3": {
      "timeout": 120000
    },
    "v4": {
      "n_results": 1,
      "n_http_requests": 143,
      "execution_time": {
        "average": 6448.18782214,
        "min": 5885.412738999992,
        "max": 7188.886356999996,
        "std": 350.73397715671615
      }
    }
  },