{
  "interactive-discover-1": {
    "v0": {
      "n_results": 6,
      "n_http_requests": 87,
      "execution_time": {
        "average": 4527.216383999999,
        "min": 4265.352125000005,
        "max": 4752.293533999997,
        "std": 237.71047678305553
      }
    },
    "v1": {
      "n_results": 4,
      "n_http_requests": 18,
      "execution_time": {
        "average": 368.1024477499959,
        "min": 365.04487099999096,
        "max": 370.27679499999795,
        "std": 11.305792599317174
      }
    },
    "v2": {
      "n_results": 1,
      "n_http_requests": 18,
      "execution_time": {
        "average": 318.0384782500005,
        "min": 304.44759700000577,
        "max": 331.3759060000011,
        "std": 13.343414256490826
      }
    },
    "v3": {
      "n_results": 14,
      "n_http_requests": 33,
      "execution_time": {
        "average": 721.5977562499938,
        "min": 690.8193409999949,
        "max": 746.4474779999873,
        "std": 28.06189969519273
      }
    },
    "v4": {
      "n_results": 8,
      "n_http_requests": 75,
      "execution_time": {
        "average": 4021.2178637500037,
        "min": 3897.42373200001,
        "max": 4332.963214000003,
        "std": 203.70103010654273
      }
    }
  },
  "interactive-discover-2": {
    "v0": {
      "n_results": 66,
      "n_http_requests": 127,
      "execution_time": {
        "average": 5830.672356749994,
        "min": 5556.409216999993,
        "max": 6107.414614999987,
        "std": 271.918842358005
      }
    },
    "v1": {
      "n_results": 46,
      "n_http_requests": 19,
      "execution_time": {
        "average": 983.2026497499937,
        "min": 972.5595479999902,
        "max": 992.4813040000008,
        "std": 18.814716222609857
      }
    },
    "v2": {
      "n_results": 32,
      "n_http_requests": 19,
      "execution_time": {
        "average": 776.9389949999968,
        "min": 744.2404000000097,
        "max": 809.4281150000024,
        "std": 26.813888543278367
      }
    },
    "v3": {
      "n_results": 198,
      "n_http_requests": 218,
      "execution_time": {
        "average": 5722.661743749992,
        "min": 5562.5715749999945,
        "max": 5915.271123999992,
        "std": 151.42771077940304
      }
    },
    "v4": {
      "n_results": 98,
      "n_http_requests": 122,
      "execution_time": {
        "average": 6330.106156499998,
        "min": 5582.497380000001,
        "max": 7215.097691999996,
        "std": 711.5903089141732
      }
    }
  },
  "interactive-discover-3": {
    "v0": {
      "n_results": 71,
      "n_http_requests": 253,
      "execution_time": {
        "average": 4151.713882750002,
        "min": 3840.7675940000045,
        "max": 4559.275313000006,
        "std": 282.8728038587287
      }
    },
    "v1": {
      "n_results": 67,
      "n_http_requests": 147,
      "execution_time": {
        "average": 2211.3213294999987,
        "min": 1977.657542999994,
        "max": 2379.958719000002,
        "std": 168.93299626448044
      }
    },
    "v2": {
      "n_results": 55,
      "n_http_requests": 103,
      "execution_time": {
        "average": 1725.8244604999963,
        "min": 1559.3390869999857,
        "max": 1917.6477610000002,
        "std": 144.83072092109154
      }
    },
    "v3": {
      "n_results": 203,
      "n_http_requests": 424,
      "execution_time": {
        "average": 6121.011227750001,
        "min": 5632.558662999989,
        "max": 6559.992889000001,
        "std": 262.1842921835631
      }
    },
    "v4": {
      "n_results": 142,
      "n_http_requests": 273,
      "execution_time": {
        "average": 4445.962825999999,
        "min": 4010.0622459999868,
        "max": 4867.2750950000045,
        "std": 247.34857198945764
      }
    }
  },
  "interactive-discover-4": {
    "v0": {
      "n_results": 5,
      "n_http_requests": 62,
      "execution_time": {
        "average": 1337.021608500003,
        "min": 1297.7410949999903,
        "max": 1389.0719780000072,
        "std": 44.73299554085053
      }
    },
    "v1": {
      "n_results": 3,
      "n_http_requests": 21,
      "execution_time": {
        "average": 768.9593854999948,
        "min": 728.2274309999921,
        "max": 803.5398600000044,
        "std": 34.92630266463515
      }
    },
    "v2": {
      "n_results": 3,
      "n_http_requests": 21,
      "execution_time": {
        "average": 644.8587904999986,
        "min": 615.2516570000007,
        "max": 659.4274299999961,
        "std": 23.54452971761079
      }
    },
    "v3": {
      "n_results": 3,
      "n_http_requests": 205,
      "execution_time": {
        "average": 4157.241921750003,
        "min": 3884.245716000005,
        "max": 4614.928480000002,
        "std": 279.03209477255365
      }
    },
    "v4": {
      "n_results": 7,
      "n_http_requests": 71,
      "execution_time": {
        "average": 1715.639983000001,
        "min": 1653.048649999997,
        "max": 1754.5748820000008,
        "std": 35.6512155456832
      }
    }
  },
  "interactive-discover-5": {
    "v0": {
      "n_results": 15,
      "n_http_requests": 127,
      "execution_time": {
        "average": 2653.5397224999942,
        "min": 2414.0386039999867,
        "max": 2986.319909999991,
        "std": 241.47503048754126
      }
    },
    "v1": {
      "n_results": 3,
      "n_http_requests": 19,
      "execution_time": {
        "average": 416.5803804999996,
        "min": 398.53559299999324,
        "max": 432.85873799999536,
        "std": 18.370294011653527
      }
    },
    "v2": {
      "n_results": 3,
      "n_http_requests": 19,
      "execution_time": {
        "average": 380.4397905000005,
        "min": 357.31094199999643,
        "max": 398.7501900000061,
        "std": 20.49951617334317
      }
    },
    "v3": {
      "n_results": 4,
      "n_http_requests": 218,
      "execution_time": {
        "average": 3292.17471725,
        "min": 3146.497749000002,
        "max": 3381.2667619999993,
        "std": 104.25451334706008
      }
    },
    "v4": {
      "n_results": 20,
      "n_http_requests": 122,
      "execution_time": {
        "average": 2785.8751550000015,
        "min": 2408.753656000001,
        "max": 3268.6188330000004,
        "std": 376.48128757525865
      }
    }
  },
  "interactive-discover-6": {
    "v0": {
      "timeout": 120000
    },
    "v1": {
      "n_results": 1,
      "n_http_requests": 30,
      "execution_time": {
        "average": 1019.2610370000002,
        "min": 962.9059269999998,
        "max": 1051.0867339999968,
        "std": 41.76291386604178
      }
    },
    "v2": {
      "n_results": 1,
      "n_http_requests": 27,
      "execution_time": {
        "average": 767.924165249995,
        "min": 743.884957000002,
        "max": 785.9445949999936,
        "std": 24.890074694986655
      }
    },
    "v3": {
      "timeout": 120000
    },
    "v4": {
      "n_results": 27,
      "n_http_requests": 133,
      "execution_time": {
        "average": 6761.248717499999,
        "min": 6368.807050000003,
        "max": 7134.8495330000005,
        "std": 280.4068452455065
      }
    }
  },
  "interactive-discover-7": {
    "v0": {
      "timeout": 120000
    },
    "v1": {
      "n_results": 1,
      "n_http_requests": 30,
      "execution_time": {
        "average": 1034.8768170000003,
        "min": 983.5399880000041,
        "max": 1071.8118459999969,
        "std": 37.16320153223635
      }
    },
    "v2": {
      "n_results": 1,
      "n_http_requests": 27,
      "execution_time": {
        "average": 782.3156182499988,
        "min": 759.8486129999947,
        "max": 821.9093580000044,
        "std": 30.78850892899262
      }
    },
    "v3": {
      "timeout": 120000
    },
    "v4": {
      "n_results": 1,
      "n_http_requests": 133,
      "execution_time": {
        "average": 6080.40694225,
        "min": 5712.168561999992,
        "max": 6693.761276999998,