{
  "interactive-discover-1": {
    "v0": {
      "n_results": 6,
      "n_http_requests": 84,
      "execution_time": {
        "average": 4614.721355499998,
        "min": 4251.935719000001,
        "max": 4797.736735999992,
        "std": 180.83722342107814
      }
    },
    "v1": {
      "n_results": 4,
      "n_http_requests": 18,
      "execution_time": {
        "average": 363.20965079999587,
        "min": 350.2421859999886,
        "max": 383.6378479999985,
        "std": 11.913097626977544
      }
    },
    "v2": {
      "n_results": 1,
      "n_http_requests": 28,
      "execution_time": {
        "average": 1019.6706534999961,
        "min": 974.8962049999973,
        "max": 1117.3773149999906,
        "std": 52.10510241800028
      }
    },
    "v3": {
      "n_results": 14,
      "n_http_requests": 29,
      "execution_time": {
        "average": 775.1126667999968,
        "min": 735.8912869999913,
        "max": 837.1612929999974,
        "std": 31.60853973902242
      }
    },
    "v4": {
      "n_results": 8,
      "n_http_requests": 75,
      "execution_time": {
        "average": 4235.3695007000015,
        "min": 3942.243966000009,
        "max": 4578.067550000007,
        "std": 210.81322364603747
      }
    }
  },
  "interactive-discover-2": {
    "v0": {
      "n_results": 66,
      "n_http_requests": 135,
      "execution_time": {
        "average": 6352.0604895000015,
        "min": 5856.704960999996,
        "max": 6981.103902000003,
        "std": 343.260410730288
      }
    },
    "v1": {
      "n_results": 46,
      "n_http_requests": 19,
      "execution_time": {
        "average": 970.587247799999,
        "min": 935.6332830000028,
        "max": 1010.1018889999978,
        "std": 27.62992566491116
      }
    },
    "v2": {
      "n_results": 32,
      "n_http_requests": 20,
      "execution_time": {
        "average": 973.0928133999972,
        "min": 896.5147569999972,
        "max": 1040.598908,
        "std": 45.40947295589768
      }
    },
    "v3": {
      "n_results": 198,
      "n_http_requests": 214,
      "execution_time": {
        "average": 5604.442128000002,
        "min": 5224.622004000004,
        "max": 5971.791834999996,
        "std": 283.07565309802726
      }
    },
    "v4": {
      "n_results": 98,
      "n_http_requests": 122,
      "execution_time": {
        "average": 6365.934702999999,
        "min": 5654.714532999991,
        "max": 6971.775207999992,
        "std": 466.4229991816299
      }
    }
  },
  "interactive-discover-3": {
    "v0": {
      "n_results": 24,
      "n_http_requests": 165,
      "execution_time": {
        "average": 3218.5157677999987,
        "min": 2852.568738999995,
        "max": 3797.2277699999977,
        "std": 178.9867385341213
      }
    },
    "v1": {
      "n_results": 67,
      "n_http_requests": 147,
      "execution_time": {
        "average": 2194.5750634999977,
        "min": 1937.6008920000022,
        "max": 2425.244406999991,
        "std": 188.5499240538676
      }
    },
    "v2": {
      "n_results": 55,
      "n_http_requests": 104,
      "execution_time": {
        "average": 1774.0103155999998,
        "min": 1572.1132450000005,
        "max": 1921.5399849999958,
        "std": 128.06643376907127
      }
    },
    "v3": {
      "n_results": 203,
      "n_http_requests": 430,
      "execution_time": {
        "average": 6347.0784677,
        "min": 5963.956879000005,
        "max": 6957.460678999996,
        "std": 309.29914274091175
      }
    },
    "v4": {
      "n_results": 142,
      "n_http_requests": 273,
      "execution_time": {
        "average": 4572.103865200003,
        "min": 3965.926250999997,
        "max": 5431.718443000005,
        "std": 401.72062621524077
      }
    }
  },
  "interactive-discover-4": {
    "v0": {
      "n_results": 5,
      "n_http_requests": 164,
      "execution_time": {
        "average": 5245.301511799999,
        "min": 4727.347158999997,
        "max": 5609.882826000001,
        "std": 299.77879122878596
      }
    },
    "v1": {
      "n_results": 3,
      "n_http_requests": 21,
      "execution_time": {
        "average": 770.6955007000012,
        "min": 736.8303269999888,
        "max": 795.5439030000125,
        "std": 19.745040297818047
      }
    },
    "v2": {
      "n_results": 3,
      "n_http_requests": 24,
      "execution_time": {
        "average": 837.3708895999982,
        "min": 774.7422329999972,
        "max": 876.7688959999941,
        "std": 31.783152725754867
      }
    },
    "v3": {
      "n_results": 3,
      "n_http_requests": 210,
      "execution_time": {
        "average": 4489.285295399997,
        "min": 4246.320410999993,
        "max": 4759.827697000001,
        "std": 172.1112125358075
      }
    },
    "v4": {
      "n_results": 7,
      "n_http_requests": 71,
      "execution_time": {
        "average": 1670.247273199998,
        "min": 1569.1419009999954,
        "max": 1843.6141530000023,
        "std": 84.38170820886309
      }
    }
  },
  "interactive-discover-5": {
    "v0": {
      "n_results": 11,
      "n_http_requests": 84,
      "execution_time": {
        "average": 2431.9687499999986,
        "min": 1831.6501260000077,
        "max": 2590.420060999997,
        "std": 214.67349861997306
      }
    },
    "v1": {
      "n_results": 3,
      "n_http_requests": 19,
      "execution_time": {
        "average": 438.0906870999985,
        "min": 399.95728000000236,
        "max": 492.16593000000285,
        "std": 30.593852640088162
      }
    },
    "v2": {
      "n_results": 3,
      "n_http_requests": 11,
      "execution_time": {
        "average": 385.2483426999985,
        "min": 374.7851660000015,
        "max": 395.9774650000036,
        "std": 9.89048551316681
      }
    },
    "v3": {
      "n_results": 4,
      "n_http_requests": 214,
      "execution_time": {
        "average": 3367.7523573,
        "min": 3126.7269760000054,
        "max": 3581.938500000004,
        "std": 167.79394704750862
      }
    },
    "v4": {
      "n_results": 20,
      "n_http_requests": 122,
      "execution_time": {
        "average": 2980.90448,
        "min": 2366.1702430000005,
        "max": 3298.4612399999896,
        "std": 333.4916187413331
      }
    }
  },
  "interactive-discover-6": {
    "v0": {
      "timeout": 120000
    },
    "v1": {
      "n_results": 1,
      "n_http_requests": 30,
      "execution_time": {
        "average": 1000.3998279000007,
        "min": 965.2702300000092,
        "max": 1024.5600479999994,
        "std": 25.19341577763134
      }
    },
    "v2": {
      "n_results": 1,
      "n_http_requests": 28,
      "execution_time": {
        "average": 893.6920392,
        "min": 850.086181000006,
        "max": 927.9670749999932,
        "std": 35.583838223668394
      }
    },
    "v3": {
      "timeout": 120000
    },
    "v4": {
      "n_results": 27,
      "n_http_requests": 133,
      "execution_time": {
        "average": 6545.373224600003,
        "min": 6097.738049000007,
        "max": 6871.674790000005,
        "std": 259.31373630880563
      }
    }
  },
  "interactive-discover-7": {
    "v0": {
      "timeout": 120000
    },
    "v1": {
      "n_results": 1,
      "n_http_requests": 30,
      "execution_time": {
        "average": 1011.045689799999,
        "min": 969.3175199999969,
        "max": 1092.4485889999924,
        "std": 25.966439814919234
      }
    },
    "v2": {
      "n_results": 1,
      "n_http_requests": 28,
      "execution_time": {
        "average": 899.4379273999991,
        "min": 845.6959869999991,
        "max": 971.1733709999971,
        "std": 44.92994137193861
      }
    },
    "v3": {
      "timeout": 120000
    },
    "v4": {
      "n_results": 1,
      "n_http_requests": 133,
      "execution_time": {
        "average": 6300.765627600003,
        "min": 5780.843438000011,
        "max": 6881.083979000003,
        "std": 398.14177343836207
      }
    }
  },