{
  "interactive-discover-1": {
    "average": 0.07899394000000484,
    "std": 0.07579599011872311,
    "max": 0.5509940000000597,
    "min": 0.061038999999937005
  },
  "interactive-discover-2": {
    "average": 0.09931131000000278,
    "std": 0.07113236855371652,
    "max": 0.4990930000000162,
    "min": 0.041340999999988526
  },
  "interactive-discover-3": {
    "average": 0.0656263400000023,
    "std": 0.14423538578789052,
    "max": 1.204099000000042,
    "min": 0.03623800000002575
  },
  "interactive-discover-4": {
    "average": 0.0679363600000022,
    "std": 0.10406968383857455,
    "max": 0.993518999999992,
    "min": 0.03950899999995272
  },
  "interactive-discover-5": {
    "average": 0.03707924999999818,
    "std": 0.10564639518626703,
    "max": 0.9947830000000977,
    "min": 0.01605599999993501
  },
  "interactive-discover-6": {
    "average": 0.025913200000004508,
    "std": 0.020951843895226085,
    "max": 0.06738999999993212,
    "min": 0.024006999999983236
  },
  "interactive-discover-7": {
    "average": 0.04008301999999503,
    "std": 0.08878917512684162,
    "max": 0.7578549999999495,
    "min": 0.028137000000015178
  },
  "interactive-discover-8": {
    "average": 0.0650762300000065,
    "std": 0.10261626866918015,
    "max": 0.851996999999983,
    "min": 0.03109499999993659
  },
  "interactive-short-1-nocity": {
    "average": 0.04215517999999634,
    "std": 0.03360293836005996,
    "max": 0.2099190000000135,
    "min": 0.03386599999998907
  },
  "interactive-short-1": {
    "average": 0.07257645999998999,
    "std": 0.12135003170088719,
    "max": 1.2233340000000226,
    "min": 0.05364899999995032
  },
  "interactive-short-2": {
    "average": 0.23362570000000232,
    "std": 0.23456218642459772,
    "max": 1.4818430000000262,
    "min": 0.10134000000005017
  },
  "interactive-short-3-unidir": {
    "average": 0.06272334999999657,
    "std": 0.05857346509079453,
    "max": 0.4390899999999647,
    "min": 0.04110000000002856
  },
  "interactive-short-3": {
    "average": 0.10469800999999507,
    "std": 0.24128406015911416,
    "max": 2.0042610000000423,
    "min": 0.035162000000013904
  },
  "interactive-short-4-creator": {
    "average": 0.02474807000000169,
    "std": 0.048041491490553596,
    "max": 0.45523800000000847,
    "min": 0.018834999999967295
  },
  "interactive-short-4": {
    "average": 0.02346631000000798,
    "std": 0.06445520097341133,
    "max": 0.6393199999999979,
    "min": 0.014290999999957421
  },
  "interactive-short-5": {
    "average": 0.033545490000001336,
    "std": 0.02899669171668994,
    "max": 0.16827599999999165,
    "min": 0.025111999999921863
  },
  "interactive-short-6": {
    "average": 0.08067978000000153,
    "std": 0.22323153073065577,
    "max": 2.2426410000000487,
    "min": 0.039624000000003434
  },
  "interactive-short-7": {
    "average": 0.13115774000000557,
    "std": 0.1504131184914612,
    "max": 1.0629949999998871,
    "min": 0.06929400000001351
  }
}