{
  "interactive-discover-1": {
    "average": 0.04682454000000007,
    "std": 0.07788583937073235,
    "max": 0.5952650000000403,
    "min": 0.03514699999993809
  },
  "interactive-discover-2": {
    "average": 0.11267584999999712,
    "std": 0.10729282468919091,
    "max": 0.8361859999999979,
    "min": 0.0564679999999953
  },
  "interactive-discover-3": {
    "average": 0.04568651999999474,
    "std": 0.03770143244065544,
    "max": 0.12536000000000058,
    "min": 0.036943999999948574
  },
  "interactive-discover-4": {
    "average": 0.047023159999995415,
    "std": 0.05740307108462237,
    "max": 0.5660980000000109,
    "min": 0.0396219999998948
  },
  "interactive-discover-5": {
    "average": 0.020870260000004918,
    "std": 0.016746105485261613,
    "max": 0.046273000000041975,
    "min": 0.019665000000031796
  },
  "interactive-discover-6": {
    "average": 0.07171370000000252,
    "std": 0.04006991830184288,
    "max": 0.20656499999995503,
    "min": 0.032781999999997424
  },
  "interactive-discover-7": {
    "average": 0.051686999999998304,
    "std": 0.07216019367848828,
    "max": 0.6775480000000016,
    "min": 0.037227000000029875
  },
  "interactive-discover-8": {
    "average": 0.05699930999999424,
    "std": 0.04677518624639848,
    "max": 0.26379000000008546,
    "min": 0.032869000000005144
  },
  "interactive-short-1-nocity": {
    "average": 0.07014314000000468,
    "std": 0.2047508975704031,
    "max": 2.013588000000027,
    "min": 0.035087000000089574
  },
  "interactive-short-1": {
    "average": 0.04093278000000396,
    "std": 0.025903865323240734,
    "max": 0.09842900000001009,
    "min": 0.036615999999980886
  },
  "interactive-short-2": {
    "average": 0.18871985999999538,
    "std": 0.126920540153689,
    "max": 0.7247449999999844,
    "min": 0.12301800000000185
  },
  "interactive-short-3-unidir": {
    "average": 0.10575470000000337,
    "std": 0.11325392796807797,
    "max": 1.031154000000015,
    "min": 0.04979100000002745
  },
  "interactive-short-3": {
    "average": 0.09743940000000066,
    "std": 0.08257453154341002,
    "max": 0.5294489999999996,
    "min": 0.06068900000002486
  },
  "interactive-short-4-creator": {
    "average": 0.05263513000000217,
    "std": 0.06257170144581177,
    "max": 0.3434579999999414,
    "min": 0.02294500000004973
  },
  "interactive-short-4": {
    "average": 0.027608540000005632,
    "std": 0.057391651633458794,
    "max": 0.43259599999998954,
    "min": 0.016574999999988904
  },
  "interactive-short-5": {
    "average": 0.034757060000004,
    "std": 0.02974796593585746,
    "max": 0.1281900000000178,
    "min": 0.025621000000001004
  },
  "interactive-short-6": {
    "average": 0.08734156000000098,
    "std": 0.25250430671141233,
    "max": 2.541535000000067,
    "min": 0.03831100000002152
  },
  "interactive-short-7": {
    "average": 0.10480267999999342,
    "std": 0.08538790561371473,
    "max": 0.5900669999999764,
    "min": 0.06918899999993755
  }
}