{
  "interactive-discover-1": {
    "average": 0.02551749000000541,
    "std": 0.04114874007567934,
    "max": 0.1602700000000823,
    "min": 0.018936000000053355
  },
  "interactive-discover-2": {
    "average": 0.03570279000001051,
    "std": 0.05893708789199534,
    "max": 0.5575139999999692,
    "min": 0.02729999999996835
  },
  "interactive-discover-3": {
    "average": 0.020771989999999504,
    "std": 0.02400840061305457,
    "max": 0.05698900000004414,
    "min": 0.019003999999995358
  },
  "interactive-discover-4": {
    "average": 0.047946850000004135,
    "std": 0.03418255869238352,
    "max": 0.15769000000000233,
    "min": 0.02189900000007583
  },
  "interactive-discover-5": {
    "average": 0.0427217499999972,
    "std": 0.1288916990689862,
    "max": 1.2288129999999455,
    "min": 0.011972000000014305
  },
  "interactive-discover-6": {
    "average": 0.020513279999998985,
    "std": 0.02236184891845872,
    "max": 0.048230999999987034,
    "min": 0.017466000000013082
  },
  "interactive-discover-7": {
    "average": 0.021210780000006934,
    "std": 0.019565483060328383,
    "max": 0.05156499999998232,
    "min": 0.018695999999977175
  },
  "interactive-discover-8": {
    "average": 0.029492410000010523,
    "std": 0.057105832070377435,
    "max": 0.5633640000000923,
    "min": 0.022591000000034
  },
  "interactive-short-1-nocity": {
    "average": 0.06323721000000432,
    "std": 0.03376843211573561,
    "max": 0.12213199999996505,
    "min": 0.02994100000000799
  },
  "interactive-short-1": {
    "average": 0.05677816000002167,
    "std": 0.04422253655724654,
    "max": 0.1574239999999918,
    "min": 0.04283800000007432
  },
  "interactive-short-2": {
    "average": 0.15415564000000131,
    "std": 0.18921384148944131,
    "max": 1.8158970000001773,
    "min": 0.08993299999997362
  },
  "interactive-short-3-unidir": {
    "average": 0.04851576000000477,
    "std": 0.06526472040121958,
    "max": 0.6487429999999677,
    "min": 0.040183000000070024
  },
  "interactive-short-3": {
    "average": 0.09436913999999888,
    "std": 0.057728090654285164,
    "max": 0.23888499999998203,
    "min": 0.04318599999987782
  },
  "interactive-short-4-creator": {
    "average": 0.031878629999987425,
    "std": 0.05510719459490183,
    "max": 0.5334190000000945,
    "min": 0.023691999999982727
  },
  "interactive-short-4": {
    "average": 0.022005960000005872,
    "std": 0.01675954388964651,
    "max": 0.03188399999999092,
    "min": 0.020651999999927284
  },
  "interactive-short-5": {
    "average": 0.0532262400000036,
    "std": 0.04639604836845473,
    "max": 0.3321200000000317,
    "min": 0.03167499999995016
  },
  "interactive-short-6": {
    "average": 0.07873837000001004,
    "std": 0.0685979267171026,
    "max": 0.2867870000000039,
    "min": 0.048618000000033135
  },
  "interactive-short-7": {
    "average": 0.15504568999999946,
    "std": 0.1701402891195662,
    "max": 1.5195269999999255,
    "min": 0.08837799999992058
  }
}