{
  "interactive-discover-1": {
    "average": 0.01980232999999771,
    "std": 0.0193934050144519,
    "max": 0.037179999999921165,
    "min": 0.018507999999997082
  },
  "interactive-discover-2": {
    "average": 0.029513750000002118,
    "std": 0.059435962955063856,
    "max": 0.5846579999999904,
    "min": 0.019459999999980937
  },
  "interactive-discover-3": {
    "average": 0.020939839999989544,
    "std": 0.02096373779664122,
    "max": 0.04526399999997466,
    "min": 0.016659000000004198
  },
  "interactive-discover-4": {
    "average": 0.0233935299999996,
    "std": 0.018357774965232363,
    "max": 0.05650900000000547,
    "min": 0.02073799999993753
  },
  "interactive-discover-5": {
    "average": 0.015638029999997798,
    "std": 0.024297332583248312,
    "max": 0.05259699999999157,
    "min": 0.011259999999992942
  },
  "interactive-discover-6": {
    "average": 0.024641429999993535,
    "std": 0.062129656751427946,
    "max": 0.6175419999999576,
    "min": 0.015029000000026826
  },
  "interactive-discover-7": {
    "average": 0.032891610000007176,
    "std": 0.024849664527815344,
    "max": 0.09621299999992061,
    "min": 0.016210000000000946
  },
  "interactive-discover-8": {
    "average": 0.033130099999993945,
    "std": 0.06700982334344407,
    "max": 0.5790090000000419,
    "min": 0.018638000000009924
  },
  "interactive-short-1-nocity": {
    "average": 0.02995883999999819,
    "std": 0.02263537453390798,
    "max": 0.059996000000069216,
    "min": 0.024753000000032443
  },
  "interactive-short-1": {
    "average": 0.04579989999999839,
    "std": 0.02812760769026898,
    "max": 0.10801800000001549,
    "min": 0.03950700000007146
  },
  "interactive-short-2": {
    "average": 0.11641774000000282,
    "std": 0.11734705693596965,
    "max": 1.0539519999999811,
    "min": 0.08256099999994149
  },
  "interactive-short-3-unidir": {
    "average": 0.043013779999997726,
    "std": 0.02690575933504526,
    "max": 0.11263999999994212,
    "min": 0.03633500000000822
  },
  "interactive-short-3": {
    "average": 0.07744000000000482,
    "std": 0.111464708681606,
    "max": 0.8338070000000926,
    "min": 0.03359299999999621
  },
  "interactive-short-4-creator": {
    "average": 0.02131045999999742,
    "std": 0.01938123192962299,
    "max": 0.06489299999998366,
    "min": 0.017380000000002838
  },
  "interactive-short-4": {
    "average": 0.022063660000001165,
    "std": 0.04865445312164922,
    "max": 0.462128000000007,
    "min": 0.014432000000056178
  },
  "interactive-short-5": {
    "average": 0.04105336999999849,
    "std": 0.07431443471715271,
    "max": 0.6831429999999727,
    "min": 0.025235999999949854
  },
  "interactive-short-6": {
    "average": 0.10098181000000522,
    "std": 0.229592928072583,
    "max": 2.3418389999999363,
    "min": 0.04414500000007138
  },
  "interactive-short-7": {
    "average": 0.1458182599999975,
    "std": 0.12824294290944224,
    "max": 0.8607849999999644,
    "min": 0.06911600000000817
  }
}