{
  "interactive-discover-1": {
    "v0": {
      "n_results": 6,
      "n_http_requests": 81,
      "execution_time": {
        "average": 4575.804856499999,
        "min": 4173.586007000005,
        "max": 5040.106136000002,
        "std": 256.45511725438314
      }
    },
    "v1": {
      "n_results": 4,
      "n_http_requests": 12,
      "execution_time": {
        "average": 318.0725667999999,
        "min": 312.0269649999973,
        "max": 327.484752999997,
        "std": 7.405799090856401
      }
    },
    "v2": {
      "n_results": 1,
      "n_http_requests": 12,
      "execution_time": {
        "average": 253.18400480000273,
        "min": 248.54735400000936,
        "max": 262.25832300000184,
        "std": 6.084944540858758
      }
    },
    "v3": {
      "n_results": 14,
      "n_http_requests": 27,
      "execution_time": {
        "average": 647.855023600001,
        "min": 593.4289879999997,
        "max": 679.3581470000063,
        "std": 28.208438150710084
      }
    },
    "v4": {
      "n_results": 8,
      "n_http_requests": 69,
      "execution_time": {
        "average": 4121.456379200002,
        "min": 3870.0776980000082,
        "max": 4381.807400999998,
        "std": 168.50611146528038
      }
    }
  },
  "interactive-discover-2": {
    "v0": {
      "n_results": 66,
      "n_http_requests": 121,
      "execution_time": {
        "average": 6328.609350500003,
        "min": 5861.4232779999875,
        "max": 6995.269682999991,
        "std": 415.42775465511846
      }
    },
    "v1": {
      "n_results": 46,
      "n_http_requests": 13,
      "execution_time": {
        "average": 938.9200146999967,
        "min": 886.1086629999918,
        "max": 982.9448830000038,
        "std": 29.072795958004438
      }
    },
    "v2": {
      "n_results": 32,
      "n_http_requests": 13,
      "execution_time": {
        "average": 730.7865946999984,
        "min": 700.2869940000091,
        "max": 779.9736330000014,
        "std": 25.0730158372938
      }
    },
    "v3": {
      "n_results": 198,
      "n_http_requests": 212,
      "execution_time": {
        "average": 5526.687530499999,
        "min": 5129.707102,
        "max": 5907.100531000004,
        "std": 306.72719734378694
      }
    },
    "v4": {
      "n_results": 98,
      "n_http_requests": 116,
      "execution_time": {
        "average": 6130.127969700001,
        "min": 5780.108683999992,
        "max": 6615.434624000001,
        "std": 340.66424337684697
      }
    }
  },
  "interactive-discover-3": {
    "v0": {
      "n_results": 71,
      "n_http_requests": 247,
      "execution_time": {
        "average": 4650.970795699999,
        "min": 4221.472068000003,
        "max": 5057.096650000007,
        "std": 174.3148974878658
      }
    },
    "v1": {
      "n_results": 67,
      "n_http_requests": 141,
      "execution_time": {
        "average": 1923.8101010000014,
        "min": 1590.3287050000072,
        "max": 2141.7054119999957,
        "std": 134.05695695332065
      }
    },
    "v2": {
      "n_results": 55,
      "n_http_requests": 97,
      "execution_time": {
        "average": 1448.3041265999957,
        "min": 1322.464135999995,
        "max": 1588.4362859999965,
        "std": 89.79950251941253
      }
    },
    "v3": {
      "n_results": 203,
      "n_http_requests": 418,
      "execution_time": {
        "average": 6157.584466100001,
        "min": 5802.1140869999945,
        "max": 6661.968640000006,
        "std": 200.27891087744186
      }
    },
    "v4": {
      "n_results": 142,
      "n_http_requests": 267,
      "execution_time": {
        "average": 5047.712584099999,
        "min": 4530.321597999995,
        "max": 5573.660449000003,
        "std": 307.0550193924036
      }
    }
  },
  "interactive-discover-4": {
    "v0": {
      "n_results": 5,
      "n_http_requests": 56,
      "execution_time": {
        "average": 1343.4030263999987,
        "min": 1250.966253999999,
        "max": 1445.4742499999993,
        "std": 72.68675296250683
      }
    },
    "v1": {
      "n_results": 3,
      "n_http_requests": 15,
      "execution_time": {
        "average": 713.3899390999999,
        "min": 673.3509650000051,
        "max": 747.9984919999988,
        "std": 22.316485467289922
      }
    },
    "v2": {
      "n_results": 3,
      "n_http_requests": 15,
      "execution_time": {
        "average": 615.9845767999999,
        "min": 587.5893559999968,
        "max": 645.7354409999971,
        "std": 22.026242530170503
      }
    },
    "v3": {
      "n_results": 3,
      "n_http_requests": 199,
      "execution_time": {
        "average": 4206.938495999998,
        "min": 3775.0303089999943,
        "max": 4438.436476000003,
        "std": 177.3939651299204
      }
    },
    "v4": {
      "n_results": 7,
      "n_http_requests": 65,
      "execution_time": {
        "average": 1822.830686499999,
        "min": 1656.6236239999998,
        "max": 1934.0145109999867,
        "std": 87.27238353988574
      }
    }
  },
  "interactive-discover-5": {
    "v0": {
      "n_results": 15,
      "n_http_requests": 121,
      "execution_time": {
        "average": 2855.144427299999,
        "min": 2284.7904340000096,
        "max": 3755.9807729999884,
        "std": 404.85468335808906
      }
    },
    "v1": {
      "n_results": 3,
      "n_http_requests": 13,
      "execution_time": {
        "average": 392.26743699999935,
        "min": 366.4118080000044,
        "max": 413.22539599999436,
        "std": 16.879359699455826
      }
    },
    "v2": {
      "n_results": 3,
      "n_http_requests": 13,
      "execution_time": {
        "average": 327.7547924000013,
        "min": 317.78308399999514,
        "max": 336.4958800000022,
        "std": 8.941767119115504
      }
    },
    "v3": {
      "n_results": 4,
      "n_http_requests": 212,
      "execution_time": {
        "average": 3221.3712469000006,
        "min": 3009.3530150000006,
        "max": 3406.623793999999,
        "std": 130.03586007895603
      }
    },
    "v4": {
      "n_results": 20,
      "n_http_requests": 116,
      "execution_time": {
        "average": 3031.9925671000033,
        "min": 2316.025805000012,
        "max": 3720.7966060000035,
        "std": 486.05628170205307
      }
    }
  },
  "interactive-discover-6": {
    "v0": {
      "timeout": 120000
    },
    "v1": {
      "n_results": 1,
      "n_http_requests": 24,
      "execution_time": {
        "average": 927.2453603999995,
        "min": 884.1859960000002,
        "max": 993.8794859999907,
        "std": 31.646544191485358
      }
    },
    "v2": {
      "n_results": 1,
      "n_http_requests": 21,
      "execution_time": {
        "average": 722.8671341999973,
        "min": 691.7724610000005,
        "max": 742.7689429999882,
        "std": 20.345060549585344
      }
    },
    "v3": {
      "timeout": 120000
    },
    "v4": {
      "n_results": 27,
      "n_http_requests": 127,
      "execution_time": {
        "average": 6635.043383200001,
        "min": 6359.02395599999,
        "max": 7030.589399000004,
        "std": 261.6928417402183
      }
    }
  },
  "interactive-discover-7": {
    "v0": {
      "timeout": 120000
    },
    "v1": {
      "n_results": 1,
      "n_http_requests": 24,
      "execution_time": {
        "average": 966.799320399997,
        "min": 931.8567599999951,
        "max": 1001.108229999998,
        "std": 23.58285114772588
      }
    },
    "v2": {
      "n_results": 1,
      "n_http_requests": 21,
      "execution_time": {
        "average": 736.1911606000024,
        "min": 717.5277670000069,
        "max": 764.0928830000048,
        "std": 21.051524302957393
      }
    },
    "v3": {
      "timeout": 120000
    },
    "v4": {
      "n_results": 1,
      "n_http_requests": 127,
      "execution_time": {
        "average": 6221.546579399999,
        "min": 5878.573749999996,
        "max": 6920.423325999989,