{
  "interactive-discover-1": {
    "v0": {
      "n_results": 6,
      "n_http_requests": 81,
      "execution_time": {
        "average": 4533.39017492,
        "min": 4150.061283999996,
        "max": 4947.970926000009,
        "std": 263.2747161571791
      }
    },
    "v1": {
      "n_results": 4,
      "n_http_requests": 12,
      "execution_time": {
        "average": 318.9983144400004,
        "min": 306.2778980000003,
        "max": 370.35525100000086,
        "std": 10.533493093205124
      }
    },
    "v2": {
      "n_results": 1,
      "n_http_requests": 12,
      "execution_time": {
        "average": 254.7648334799998,
        "min": 244.5673930000048,
        "max": 299.1877659999882,
        "std": 9.686797122639998
      }
    },
    "v3": {
      "n_results": 14,
      "n_http_requests": 27,
      "execution_time": {
        "average": 641.0789036799994,
        "min": 595.9148200000054,
        "max": 684.9059379999962,
        "std": 22.96012709328674
      }
    },
    "v4": {
      "n_results": 8,
      "n_http_requests": 69,
      "execution_time": {
        "average": 4174.53559728,
        "min": 3780.985031999997,
        "max": 4488.332787000007,
        "std": 186.86228010703908
      }
    }
  },
  "interactive-discover-2": {
    "v0": {
      "n_results": 66,
      "n_http_requests": 121,
      "execution_time": {
        "average": 6459.04459696,
        "min": 5770.2219449999975,
        "max": 7603.573718,
        "std": 465.1365507470333
      }
    },
    "v1": {
      "n_results": 46,
      "n_http_requests": 13,
      "execution_time": {
        "average": 935.8769504599995,
        "min": 878.2728749999951,
        "max": 1020.82250200001,
        "std": 38.435792083924945
      }
    },
    "v2": {
      "n_results": 32,
      "n_http_requests": 13,
      "execution_time": {
        "average": 725.3950028799998,
        "min": 686.0923289999919,
        "max": 781.8257190000004,
        "std": 25.29062385057971
      }
    },
    "v3": {
      "n_results": 198,
      "n_http_requests": 212,
      "execution_time": {
        "average": 5493.285610700001,
        "min": 5149.106026000009,
        "max": 6002.378133999999,
        "std": 289.2113440098255
      }
    },
    "v4": {
      "n_results": 98,
      "n_http_requests": 116,
      "execution_time": {
        "average": 6399.763019679999,
        "min": 5736.1415639999905,
        "max": 7250.211727000002,
        "std": 449.5450906530385
      }
    }
  },
  "interactive-discover-3": {
    "v0": {
      "n_results": 71,
      "n_http_requests": 247,
      "execution_time": {
        "average": 4620.780158420001,
        "min": 3976.8977440000017,
        "max": 5393.029965000009,
        "std": 351.86767773923884
      }
    },
    "v1": {
      "n_results": 67,
      "n_http_requests": 141,
      "execution_time": {
        "average": 1794.7793350999998,
        "min": 1559.6633160000056,
        "max": 2180.352998000002,
        "std": 200.80332239051108
      }
    },
    "v2": {
      "n_results": 55,
      "n_http_requests": 97,
      "execution_time": {
        "average": 1514.1533405199993,
        "min": 1315.5804139999964,
        "max": 1735.1834139999992,
        "std": 105.71277326361118
      }
    },
    "v3": {
      "n_results": 203,
      "n_http_requests": 418,
      "execution_time": {
        "average": 6225.192149400001,
        "min": 5839.244483999995,
        "max": 7122.402043000009,
        "std": 252.6903480678376
      }
    },
    "v4": {
      "n_results": 142,
      "n_http_requests": 267,
      "execution_time": {
        "average": 5095.348886540001,
        "min": 4463.978814999995,
        "max": 6943.615456999993,
        "std": 505.63237271034654
      }
    }
  },
  "interactive-discover-4": {
    "v0": {
      "n_results": 5,
      "n_http_requests": 56,
      "execution_time": {
        "average": 1348.3422313799988,
        "min": 1234.1062079999974,
        "max": 1526.743392000004,
        "std": 78.67473774952002
      }
    },
    "v1": {
      "n_results": 3,
      "n_http_requests": 15,
      "execution_time": {
        "average": 708.9955478000004,
        "min": 670.4552570000087,
        "max": 775.3222470000037,
        "std": 23.167565657104674
      }
    },
    "v2": {
      "n_results": 3,
      "n_http_requests": 15,
      "execution_time": {
        "average": 610.588805059999,
        "min": 582.1763169999904,
        "max": 658.2577549999987,
        "std": 19.84729912937344
      }
    },
    "v3": {
      "n_results": 3,
      "n_http_requests": 199,
      "execution_time": {
        "average": 4304.236336360004,
        "min": 3910.706151000006,
        "max": 4749.204759999993,
        "std": 192.2125675046238
      }
    },
    "v4": {
      "n_results": 7,
      "n_http_requests": 65,
      "execution_time": {
        "average": 1784.2236791599998,
        "min": 1620.3030200000067,
        "max": 1972.5620669999917,
        "std": 89.48246708777361
      }
    }
  },
  "interactive-discover-5": {
    "v0": {
      "n_results": 15,
      "n_http_requests": 121,
      "execution_time": {
        "average": 3130.18365564,
        "min": 2271.541971999992,
        "max": 3867.3042699999933,
        "std": 501.8909108382491
      }
    },
    "v1": {
      "n_results": 3,
      "n_http_requests": 13,
      "execution_time": {
        "average": 392.09442142000046,
        "min": 360.19694400001026,
        "max": 467.94868299999507,
        "std": 20.87402757248563
      }
    },
    "v2": {
      "n_results": 3,
      "n_http_requests": 13,
      "execution_time": {
        "average": 330.9101744999996,
        "min": 314.3008189999964,
        "max": 365.7371859999985,
        "std": 11.343133435754986
      }
    },
    "v3": {
      "n_results": 4,
      "n_http_requests": 212,
      "execution_time": {
        "average": 3309.8514505799994,
        "min": 3091.453357000006,
        "max": 3539.154278000002,
        "std": 144.26556280141352
      }
    },
    "v4": {
      "n_results": 20,
      "n_http_requests": 116,
      "execution_time": {
        "average": 3210.061236699999,
        "min": 2297.9397369999933,
        "max": 3808.550378,
        "std": 416.76828285426046
      }
    }
  },
  "interactive-discover-6": {
    "v0": {
      "timeout": 120000
    },
    "v1": {
      "n_results": 1,
      "n_http_requests": 24,
      "execution_time": {
        "average": 939.0825052199999,
        "min": 870.8674140000076,
        "max": 994.9124480000028,
        "std": 29.699815950277813
      }
    },
    "v2": {
      "n_results": 1,
      "n_http_requests": 21,
      "execution_time": {
        "average": 721.7487711800012,
        "min": 682.1632280000049,
        "max": 788.0495999999985,
        "std": 24.473431899077184
      }
    },
    "v3": {
      "timeout": 120000
    },
    "v4": {
      "n_results": 27,
      "n_http_requests": 127,
      "execution_time": {
        "average": 6688.145028400001,
        "min": 6135.587773000007,
        "max": 7264.133747,
        "std": 272.4524530969799
      }
    }
  },
  "interactive-discover-7": {
    "v0": {
      "timeout": 120000
    },
    "v1": {
      "n_results": 1,
      "n_http_requests": 24,
      "execution_time": {
        "average": 949.1593451999984,
        "min": 888.8060459999979,
        "max": 1041.804879999996,
        "std": 33.79353350173169
      }
    },
    "v2": {
      "n_results": 1,
      "n_http_requests": 21,
      "execution_time": {
        "average": 739.4632984400014,
        "min": 700.6556929999933,
        "max": 800.5322089999972,
        "std": 22.1097968103807
      }
    },
    "v3": {
      "timeout": 120000
    },
    "v4": {
      "n_results": 1,
      "n_http_requests": 127,
      "execution_time": {
        "average": 6373.398272940002,
        "min": 5870.212121999997,
        "max": 6960.653286000001,
        "std": 303.43485647153756
      }
    }
  },