{
  "interactive-discover-1": {
    "v0": {
      "n_results": 6,
      "n_http_requests": 127,
      "execution_time": {
        "average": 5854.404003900001,
        "min": 5321.18393900001,
        "max": 6363.304126999996,
        "std": 362.0332375713176
      }
    },
    "v1": {
      "n_results": 4,
      "n_http_requests": 11,
      "execution_time": {
        "average": 379.740059200002,
        "min": 365.1091989999986,
        "max": 399.841253999999,
        "std": 12.70135066036895
      }
    },
    "v2": {
      "n_results": 1,
      "n_http_requests": 28,
      "execution_time": {
        "average": 1060.752642199998,
        "min": 978.1004200000025,
        "max": 1135.7955430000002,
        "std": 56.87330082161435
      }
    },
    "v3": {
      "n_results": 14,
      "n_http_requests": 25,
      "execution_time": {
        "average": 673.7830945999973,
        "min": 635.3204879999976,
        "max": 710.2215129999968,
        "std": 25.513590003873166
      }
    },
    "v4": {
      "n_results": 8,
      "n_http_requests": 67,
      "execution_time": {
        "average": 4220.254042400002,
        "min": 3989.514387000003,
        "max": 4567.661756000001,
        "std": 240.4838461738121
      }
    }
  },
  "interactive-discover-2": {
    "v0": {
      "n_results": 66,
      "n_http_requests": 127,
      "execution_time": {
        "average": 6480.606099899998,
        "min": 5816.326770999993,
        "max": 7117.214028999995,
        "std": 431.88302711099396
      }
    },
    "v1": {
      "n_results": 46,
      "n_http_requests": 12,
      "execution_time": {
        "average": 986.0693723999982,
        "min": 935.8363820000086,
        "max": 1022.237215000001,
        "std": 32.3625418176786
      }
    },
    "v2": {
      "n_results": 32,
      "n_http_requests": 20,
      "execution_time": {
        "average": 957.9099006999983,
        "min": 891.314858999991,
        "max": 996.3027409999922,
        "std": 37.45918839645343
      }
    },
    "v3": {
      "n_results": 198,
      "n_http_requests": 218,
      "execution_time": {
        "average": 5003.9654722,
        "min": 4550.389185000007,
        "max": 5634.594052999993,
        "std": 404.25605100248094
      }
    },
    "v4": {
      "n_results": 98,
      "n_http_requests": 122,
      "execution_time": {
        "average": 6534.4659821999985,
        "min": 5856.5576049999945,
        "max": 6820.911687,
        "std": 337.9591114313156
      }
    }
  },
  "interactive-discover-3": {
    "v0": {
      "n_results": 71,
      "n_http_requests": 253,
      "execution_time": {
        "average": 4807.765561299998,
        "min": 4191.758220000003,
        "max": 5574.56599399999,
        "std": 379.4215027332061
      }
    },
    "v1": {
      "n_results": 67,
      "n_http_requests": 157,
      "execution_time": {
        "average": 2153.1087144999997,
        "min": 1851.7622649999976,
        "max": 2393.853080999994,
        "std": 201.79688850865762
      }
    },
    "v2": {
      "n_results": 55,
      "n_http_requests": 104,
      "execution_time": {
        "average": 1765.003359300003,
        "min": 1608.5731990000058,
        "max": 1913.0688910000026,
        "std": 130.95030852251784
      }
    },
    "v3": {
      "n_results": 203,
      "n_http_requests": 424,
      "execution_time": {
        "average": 4959.127337699998,
        "min": 4685.458857999998,
        "max": 5813.349178000004,
        "std": 325.61072908867516
      }
    },
    "v4": {
      "n_results": 142,
      "n_http_requests": 273,
      "execution_time": {
        "average": 4943.245971100005,
        "min": 4731.724435000011,
        "max": 5279.001676999993,
        "std": 150.29718984713128
      }
    }
  },
  "interactive-discover-4": {
    "v0": {
      "n_results": 5,
      "n_http_requests": 143,
      "execution_time": {
        "average": 5080.1273586000025,
        "min": 4766.527642000001,
        "max": 5415.178193,
        "std": 237.58991595041132
      }
    },
    "v1": {
      "n_results": 3,
      "n_http_requests": 31,
      "execution_time": {
        "average": 1038.843959000004,
        "min": 976.417947000009,
        "max": 1142.1332030000049,
        "std": 58.92906383168231
      }
    },
    "v2": {
      "n_results": 3,
      "n_http_requests": 24,
      "execution_time": {
        "average": 840.9659909000009,
        "min": 777.9246779999958,
        "max": 879.5226870000042,
        "std": 35.360633560365436
      }
    },
    "v3": {
      "n_results": 3,
      "n_http_requests": 239,
      "execution_time": {
        "average": 4256.904926099998,
        "min": 3927.381362,
        "max": 4745.04178,
        "std": 249.6567003547546
      }
    },
    "v4": {
      "n_results": 7,
      "n_http_requests": 153,
      "execution_time": {
        "average": 5375.744187900002,
        "min": 4829.510435000004,
        "max": 5750.467213000011,
        "std": 333.88701823922196
      }
    }
  },
  "interactive-discover-5": {
    "v0": {
      "n_results": 15,
      "n_http_requests": 127,
      "execution_time": {
        "average": 3102.1517085999976,
        "min": 2502.6709219999902,
        "max": 3746.741903999995,
        "std": 427.33137534353125
      }
    },
    "v1": {
      "n_results": 3,
      "n_http_requests": 12,
      "execution_time": {
        "average": 453.61721039999975,
        "min": 436.4633329999924,
        "max": 489.53722800000105,
        "std": 20.070786551024216
      }
    },
    "v2": {
      "n_results": 3,
      "n_http_requests": 11,
      "execution_time": {
        "average": 395.1604904000007,
        "min": 383.7341759999981,
        "max": 434.8356519999943,
        "std": 15.870401017523008
      }
    },
    "v3": {
      "n_results": 2,
      "n_http_requests": 25,
      "execution_time": {
        "average": 475.3840909999984,
        "min": 460.45689799998945,
        "max": 496.7732950000063,
        "std": 11.070900061671587
      }
    },
    "v4": {
      "n_results": 13,
      "n_http_requests": 67,
      "execution_time": {
        "average": 1940.9735984,
        "min": 1607.1501429999917,
        "max": 2231.0592130000005,
        "std": 274.45703184297327
      }
    }
  },
  "interactive-discover-6": {
    "v0": {
      "timeout": 120000
    },
    "v1": {
      "n_results": 1,
      "n_http_requests": 29,
      "execution_time": {
        "average": 1068.5343915000005,
        "min": 1002.9343490000028,
        "max": 1103.4679400000023,
        "std": 19.750599659315814
      }
    },
    "v2": {
      "n_results": 1,
      "n_http_requests": 28,
      "execution_time": {
        "average": 880.9462230999954,
        "min": 832.7896139999939,
        "max": 920.0989520000003,
        "std": 31.015096016763934
      }
    },
    "v3": {
      "timeout": 120000
    },
    "v4": {
      "n_results": 27,
      "n_http_requests": 133,
      "execution_time": {
        "average": 6897.712360900002,
        "min": 6574.3580749999965,
        "max": 7156.90531300001,
        "std": 226.81666295839034
      }
    }
  },
  "interactive-discover-7": {
    "v0": {
      "timeout": 120000
    },
    "v1": {
      "n_results": 1,
      "n_http_requests": 29,
      "execution_time": {
        "average": 1046.8945964999991,
        "min": 976.8220929999952,
        "max": 1122.2717260000063,
        "std": 55.99531721328303
      }
    },
    "v2": {
      "n_results": 1,
      "n_http_requests": 28,
      "execution_time": {
        "average": 902.0578125999994,
        "min": 844.5971980000031,
        "max": 956.9272979999951,
        "std": 39.97320303744129
      }
    },
    "v3": {
      "timeout": 120000
    },
    "v4": {
      "n_results": 1,
      "n_http_requests": 133,
      "execution_time": {
        "average": 6561.114823499998,
        "min": 6173.993073999998,
        "max": 6821.246379999997,
        "std": 241.10569872597299
      }
    }
  },