{
  "interactive-discover-1": {
    "v0": {
      "n_results": 6,
      "n_http_requests": 87,
      "execution_time": {
        "average": 4688.242920750006,
        "min": 4526.435635999995,
        "max": 4844.334188000008,
        "std": 135.72310881776158
      }
    },
    "v1": {
      "n_results": 4,
      "n_http_requests": 18,
      "execution_time": {
        "average": 358.1115362499986,
        "min": 352.6642920000013,
        "max": 363.2726330000005,
        "std": 11.935739722990133
      }
    },
    "v2": {
      "n_results": 1,
      "n_http_requests": 18,
      "execution_time": {
        "average": 302.9680352499963,
        "min": 291.6907280000014,
        "max": 307.43898599999375,
        "std": 12.461398794940212
      }
    },
    "v3": {
      "n_results": 14,
      "n_http_requests": 33,
      "execution_time": {
        "average": 711.4089785000033,
        "min": 688.1604960000113,
        "max": 755.1931579999946,
        "std": 32.64115978269819
      }
    },
    "v4": {
      "n_results": 8,
      "n_http_requests": 75,
      "execution_time": {
        "average": 4274.538691499998,
        "min": 4063.8032149999926,
        "max": 4419.675083000009,
        "std": 132.26424778286673
      }
    }
  },
  "interactive-discover-2": {
    "v0": {
      "n_results": 66,
      "n_http_requests": 127,
      "execution_time": {
        "average": 6322.968171249995,
        "min": 5756.854460999995,
        "max": 6881.791374999986,
        "std": 461.6350549597151
      }
    },
    "v1": {
      "n_results": 46,
      "n_http_requests": 19,
      "execution_time": {
        "average": 951.1199250000027,
        "min": 916.1788000000088,
        "max": 998.7173299999995,
        "std": 38.80322040430257
      }
    },
    "v2": {
      "n_results": 32,
      "n_http_requests": 19,
      "execution_time": {
        "average": 779.6899222499997,
        "min": 760.8486529999936,
        "max": 812.361419000008,
        "std": 27.006575011677235
      }
    },
    "v3": {
      "n_results": 198,
      "n_http_requests": 218,
      "execution_time": {
        "average": 5488.8381095,
        "min": 5149.993948000003,
        "max": 5863.934928000002,
        "std": 320.16240145002837
      }
    },
    "v4": {
      "n_results": 98,
      "n_http_requests": 122,
      "execution_time": {
        "average": 6247.669799000003,
        "min": 5697.467281000005,
        "max": 6755.816363000005,
        "std": 439.1879041053749
      }
    }
  },
  "interactive-discover-3": {
    "v0": {
      "n_results": 71,
      "n_http_requests": 253,
      "execution_time": {
        "average": 4055.5616009999976,
        "min": 3704.2360719999997,
        "max": 4410.584556999995,
        "std": 307.40594521452726
      }
    },
    "v1": {
      "n_results": 67,
      "n_http_requests": 147,
      "execution_time": {
        "average": 2273.202727249998,
        "min": 2055.540233000007,
        "max": 2526.3492909999914,
        "std": 198.79199061595654
      }
    },
    "v2": {
      "n_results": 55,
      "n_http_requests": 103,
      "execution_time": {
        "average": 1640.7401182499998,
        "min": 1534.2059350000054,
        "max": 1779.1214460000047,
        "std": 108.87803841032041
      }
    },
    "v3": {
      "n_results": 203,
      "n_http_requests": 424,
      "execution_time": {
        "average": 6045.32685075,
        "min": 5889.628767000002,
        "max": 6150.849913999991,
        "std": 122.20725064997407
      }
    },
    "v4": {
      "n_results": 142,
      "n_http_requests": 273,
      "execution_time": {
        "average": 4824.6905527499985,
        "min": 4278.103518999997,
        "max": 5296.030310999995,
        "std": 279.833426376151
      }
    }
  },
  "interactive-discover-4": {
    "v0": {
      "n_results": 5,
      "n_http_requests": 62,
      "execution_time": {
        "average": 1311.9066597499914,
        "min": 1253.9997479999874,
        "max": 1345.9270969999925,
        "std": 44.15874558281857
      }
    },
    "v1": {
      "n_results": 3,
      "n_http_requests": 21,
      "execution_time": {
        "average": 758.4820294999954,
        "min": 731.0473340000026,
        "max": 776.824477999995,
        "std": 22.88957284512264
      }
    },
    "v2": {
      "n_results": 3,
      "n_http_requests": 21,
      "execution_time": {
        "average": 674.1147594999966,
        "min": 661.5885549999948,
        "max": 695.211237999989,
        "std": 20.024432308044034
      }
    },
    "v3": {
      "n_results": 3,
      "n_http_requests": 205,
      "execution_time": {
        "average": 4364.774940499996,
        "min": 3937.898636999991,
        "max": 4581.547680000003,
        "std": 287.61786732186084
      }
    },
    "v4": {
      "n_results": 7,
      "n_http_requests": 71,
      "execution_time": {
        "average": 1725.4588065000025,
        "min": 1579.2592140000052,
        "max": 1842.4471029999986,
        "std": 88.77809378141666
      }
    }
  },
  "interactive-discover-5": {
    "v0": {
      "n_results": 15,
      "n_http_requests": 127,
      "execution_time": {
        "average": 2642.4831142500007,
        "min": 2407.6778610000038,
        "max": 3249.249702000001,
        "std": 388.15259818046127
      }
    },
    "v1": {
      "n_results": 3,
      "n_http_requests": 19,
      "execution_time": {
        "average": 420.4629482500022,
        "min": 394.87543100000767,
        "max": 436.69428899999184,
        "std": 21.58545552516948
      }
    },
    "v2": {
      "n_results": 3,
      "n_http_requests": 19,
      "execution_time": {
        "average": 383.4909137499999,
        "min": 369.6852140000119,
        "max": 398.336341000002,
        "std": 16.378678632908837
      }
    },
    "v3": {
      "n_results": 4,
      "n_http_requests": 218,
      "execution_time": {
        "average": 3403.435940750005,
        "min": 3356.170861000006,
        "max": 3447.0670310000132,
        "std": 43.67421450655415
      }
    },
    "v4": {
      "n_results": 20,
      "n_http_requests": 122,
      "execution_time": {
        "average": 3093.3295560000006,
        "min": 2470.604993000001,
        "max": 3344.319466000001,
        "std": 394.22846627953624
      }
    }
  },
  "interactive-discover-6": {
    "v0": {
      "timeout": 120000
    },
    "v1": {
      "n_results": 1,
      "n_http_requests": 30,
      "execution_time": {
        "average": 1049.704328249998,
        "min": 1036.1332540000003,
        "max": 1056.9715510000096,
        "std": 20.975140981762934
      }
    },
    "v2": {
      "n_results": 1,
      "n_http_requests": 27,
      "execution_time": {
        "average": 773.4534715000045,
        "min": 750.5370220000041,
        "max": 789.901561000006,
        "std": 23.109410526215875
      }
    },
    "v3": {
      "timeout": 120000
    },
    "v4": {
      "n_results": 27,
      "n_http_requests": 133,
      "execution_time": {
        "average": 6721.7381675,
        "min": 6648.804267999993,
        "max": 6807.294858000008,
        "std": 66.47423360590807
      }
    }
  },
  "interactive-discover-7": {
    "v0": {
      "timeout": 120000
    },
    "v1": {
      "n_results": 1,
      "n_http_requests": 30,
      "execution_time": {
        "average": 1000.5965827499967,
        "min": 974.6883369999996,
        "max": 1044.5355929999932,
        "std": 37.59771263189371
      }
    },
    "v2": {
      "n_results": 1,
      "n_http_requests": 27,
      "execution_time": {
        "average": 790.1505747500014,
        "min": 756.1936360000109,
        "max": 816.5133799999894,
        "std": 30.449532045555895
      }
    },
    "v3": {
      "timeout": 120000
    },
    "v4": {
      "n_results": 1,
      "n_http_requests": 133,
      "execution_time": {
        "average": 6235.107848,
        "min": 6014.404290999999,
        "max": 6586.840960999994,
        "std": 222.52296295506744
      }
    }
  },