{
  "interactive-discover-1": {
    "v0": {
      "n_results": 6,
      "n_http_requests": 140,
      "execution_time": {
        "average": 6197.0800471,
        "min": 5674.633743999992,
        "max": 6777.481086999993,
        "std": 366.27141779606103
      }
    },
    "v1": {
      "n_results": 4,
      "n_http_requests": 11,
      "execution_time": {
        "average": 372.0569190799989,
        "min": 353.8048029999918,
        "max": 439.61081900000863,
        "std": 14.659428880627743
      }
    },
    "v2": {
      "n_results": 1,
      "n_http_requests": 14,
      "execution_time": {
        "average": 357.2260849600012,
        "min": 340.4943479999929,
        "max": 400.26680700000725,
        "std": 13.864514575085947
      }
    },
    "v3": {
      "n_results": 14,
      "n_http_requests": 240,
      "execution_time": {
        "average": 5293.916415400001,
        "min": 4428.366699000006,
        "max": 6533.493676999991,
        "std": 540.4690251244872
      }
    },
    "v4": {
      "n_results": 8,
      "n_http_requests": 135,
      "execution_time": {
        "average": 5786.096737339997,
        "min": 5242.054640999995,
        "max": 6239.226326999997,
        "std": 272.2011153313924
      }
    }
  },
  "interactive-discover-2": {
    "v0": {
      "n_results": 66,
      "n_http_requests": 129,
      "execution_time": {
        "average": 6310.994459039998,
        "min": 5805.553264000002,
        "max": 7423.359287999992,
        "std": 433.573304325171
      }
    },
    "v1": {
      "n_results": 46,
      "n_http_requests": 12,
      "execution_time": {
        "average": 977.6975839599999,
        "min": 932.5082789999869,
        "max": 1031.186937999999,
        "std": 27.87612860420733
      }
    },
    "v2": {
      "n_results": 32,
      "n_http_requests": 15,
      "execution_time": {
        "average": 833.5422099799997,
        "min": 793.0009890000074,
        "max": 890.8467689999961,
        "std": 22.241606104062146
      }
    },
    "v3": {
      "n_results": 198,
      "n_http_requests": 240,
      "execution_time": {
        "average": 5812.003937039999,
        "min": 4889.664646000005,
        "max": 7156.027893999999,
        "std": 534.5388315118055
      }
    },
    "v4": {
      "n_results": 98,
      "n_http_requests": 135,
      "execution_time": {
        "average": 6326.23207236,
        "min": 5877.222330000004,
        "max": 7009.657909999994,
        "std": 330.4322267016756
      }
    }
  },
  "interactive-discover-3": {
    "v0": {
      "n_results": 71,
      "n_http_requests": 255,
      "execution_time": {
        "average": 4559.65055516,
        "min": 4111.491198999996,
        "max": 5163.1560610000015,
        "std": 275.08289640671666
      }
    },
    "v1": {
      "n_results": 67,
      "n_http_requests": 157,
      "execution_time": {
        "average": 2077.6237538000014,
        "min": 1813.1311540000024,
        "max": 3103.648436999996,
        "std": 247.8616067256937
      }
    },
    "v2": {
      "n_results": 55,
      "n_http_requests": 107,
      "execution_time": {
        "average": 1639.198759040002,
        "min": 1409.8325310000073,
        "max": 1883.702185000002,
        "std": 130.61834213165724
      }
    },
    "v3": {
      "n_results": 203,
      "n_http_requests": 444,
      "execution_time": {
        "average": 5922.0675861400005,
        "min": 5578.568713999994,
        "max": 6895.068971000001,
        "std": 226.72254419453222
      }
    },
    "v4": {
      "n_results": 142,
      "n_http_requests": 284,
      "execution_time": {
        "average": 4813.377627459999,
        "min": 4147.987513999993,
        "max": 5858.659230999998,
        "std": 352.39412043639277
      }
    }
  },
  "interactive-discover-4": {
    "v0": {
      "n_results": 5,
      "n_http_requests": 145,
      "execution_time": {
        "average": 5061.92123454,
        "min": 4611.75757999999,
        "max": 5756.552503999992,
        "std": 331.6680743116735
      }
    },
    "v1": {
      "n_results": 3,
      "n_http_requests": 31,
      "execution_time": {
        "average": 1054.475292300001,
        "min": 965.1182600000029,
        "max": 1166.5105770000082,
        "std": 63.6318441491702
      }
    },
    "v2": {
      "n_results": 3,
      "n_http_requests": 25,
      "execution_time": {
        "average": 817.2483069599996,
        "min": 767.4374870000029,
        "max": 870.0250019999949,
        "std": 33.79832063023775
      }
    },
    "v3": {
      "n_results": 3,
      "n_http_requests": 245,
      "execution_time": {
        "average": 4425.13753168,
        "min": 3808.3530699999974,
        "max": 5541.243843000004,
        "std": 509.2784458241169
      }
    },
    "v4": {
      "n_results": 7,
      "n_http_requests": 155,
      "execution_time": {
        "average": 5164.573249299999,
        "min": 4668.914346000005,
        "max": 5646.597850000006,
        "std": 289.38626894331594
      }
    }
  },
  "interactive-discover-5": {
    "v0": {
      "n_results": 5,
      "n_http_requests": 50,
      "execution_time": {
        "average": 739.3992178200008,
        "min": 702.1689519999927,
        "max": 799.8007579999976,
        "std": 22.528223669208266
      }
    },
    "v1": {
      "n_results": 3,
      "n_http_requests": 12,
      "execution_time": {
        "average": 435.7622749199992,
        "min": 406.72704699999304,
        "max": 485.4245569999912,
        "std": 20.26168962829151
      }
    },
    "v2": {
      "n_results": 3,
      "n_http_requests": 15,
      "execution_time": {
        "average": 429.9671781199996,
        "min": 407.5402499999909,
        "max": 472.4745280000061,
        "std": 13.431071843482114
      }
    },
    "v3": {
      "n_results": 4,
      "n_http_requests": 240,
      "execution_time": {
        "average": 2960.4418788999988,
        "min": 2666.8129310000077,
        "max": 3178.7950280000077,
        "std": 122.07882276762778
      }
    },
    "v4": {
      "n_results": 20,
      "n_http_requests": 135,
      "execution_time": {
        "average": 3068.893562660002,
        "min": 2537.001000000004,
        "max": 3696.957688999988,
        "std": 422.0679193054715
      }
    }
  },
  "interactive-discover-6": {
    "v0": {
      "timeout": 120000
    },
    "v1": {
      "n_results": 1,
      "n_http_requests": 29,
      "execution_time": {
        "average": 1027.8580796400004,
        "min": 945.2438289999991,
        "max": 1107.8975190000056,
        "std": 51.441088625220324
      }
    },
    "v2": {
      "n_results": 1,
      "n_http_requests": 31,
      "execution_time": {
        "average": 930.4015730399993,
        "min": 871.7618559999974,
        "max": 976.6565259999916,
        "std": 34.54123699482262
      }
    },
    "v3": {
      "timeout": 120000
    },
    "v4": {
      "n_results": 27,
      "n_http_requests": 135,
      "execution_time": {
        "average": 6292.258787819998,
        "min": 5851.214372000002,
        "max": 6697.412402000002,
        "std": 206.51137150291345
      }
    }
  },
  "interactive-discover-7": {
    "v0": {
      "timeout": 120000
    },
    "v1": {
      "n_results": 1,
      "n_http_requests": 29,
      "execution_time": {
        "average": 1055.0179102400004,
        "min": 970.4704880000063,
        "max": 1159.927893,
        "std": 50.67633626099002
      }
    },
    "v2": {
      "n_results": 1,
      "n_http_requests": 31,
      "execution_time": {
        "average": 954.9995023199995,
        "min": 898.7709769999929,
        "max": 1034.9746000000014,
        "std": 41.65624050761249
      }
    },
    "v3": {
      "timeout": 120000
    },
    "v4": {
      "n_results": 1,
      "n_http_requests": 135,
      "execution_time": {
        "average": 6267.94567614,
        "min": 5807.814597000004,
        "max": 6754.672099999996,
        "std": 263.83855883865186
      }
    }
  },