{
  "interactive-discover-1": {
    "v0": {
      "n_results": 6,
      "n_http_requests": 87,
      "execution_time": {
        "average": 4553.20646592,
        "min": 4192.081827000002,
        "max": 4856.448370999991,
        "std": 205.68803211124728
      }
    },
    "v1": {
      "n_results": 4,
      "n_http_requests": 18,
      "execution_time": {
        "average": 356.73124895999996,
        "min": 345.38222299999325,
        "max": 381.4702360000083,
        "std": 9.589919157817343
      }
    },
    "v2": {
      "n_results": 1,
      "n_http_requests": 18,
      "execution_time": {
        "average": 294.0060136599996,
        "min": 280.87641100000474,
        "max": 322.9058270000096,
        "std": 7.17415991579626
      }
    },
    "v3": {
      "n_results": 14,
      "n_http_requests": 33,
      "execution_time": {
        "average": 709.0538186000006,
        "min": 666.7752379999874,
        "max": 771.4258699999918,
        "std": 23.950731179255662
      }
    },
    "v4": {
      "n_results": 8,
      "n_http_requests": 75,
      "execution_time": {
        "average": 4204.89453832,
        "min": 3901.016629000005,
        "max": 4495.706385999991,
        "std": 206.0330502383572
      }
    }
  },
  "interactive-discover-2": {
    "v0": {
      "n_results": 66,
      "n_http_requests": 127,
      "execution_time": {
        "average": 6092.782103399997,
        "min": 5489.516791999995,
        "max": 6893.3790080000035,
        "std": 392.2399360201992
      }
    },
    "v1": {
      "n_results": 46,
      "n_http_requests": 19,
      "execution_time": {
        "average": 965.23473428,
        "min": 920.8953380000021,
        "max": 1030.205249000006,
        "std": 31.65811961457808
      }
    },
    "v2": {
      "n_results": 32,
      "n_http_requests": 19,
      "execution_time": {
        "average": 771.0597037,
        "min": 721.4705459999968,
        "max": 813.3573270000052,
        "std": 23.41771464968649
      }
    },
    "v3": {
      "n_results": 198,
      "n_http_requests": 218,
      "execution_time": {
        "average": 5647.40662852,
        "min": 5121.044410000002,
        "max": 6633.426416999995,
        "std": 379.48603864668456
      }
    },
    "v4": {
      "n_results": 98,
      "n_http_requests": 122,
      "execution_time": {
        "average": 6110.915550960002,
        "min": 5538.130756999992,
        "max": 7010.244001000014,
        "std": 423.08838399407693
      }
    }
  },
  "interactive-discover-3": {
    "v0": {
      "n_results": 71,
      "n_http_requests": 253,
      "execution_time": {
        "average": 4168.5068350599995,
        "min": 3638.0305110000045,
        "max": 5343.843867000003,
        "std": 463.639731743307
      }
    },
    "v1": {
      "n_results": 67,
      "n_http_requests": 147,
      "execution_time": {
        "average": 2066.417838419999,
        "min": 1613.7634810000018,
        "max": 2543.650152000002,
        "std": 290.9117975896638
      }
    },
    "v2": {
      "n_results": 55,
      "n_http_requests": 103,
      "execution_time": {
        "average": 1688.8759725600003,
        "min": 1437.3827930000116,
        "max": 1891.9913900000101,
        "std": 131.16978949334037
      }
    },
    "v3": {
      "n_results": 203,
      "n_http_requests": 424,
      "execution_time": {
        "average": 6177.275726319997,
        "min": 5815.323179999992,
        "max": 6856.921824999998,
        "std": 232.41438354241367
      }
    },
    "v4": {
      "n_results": 142,
      "n_http_requests": 273,
      "execution_time": {
        "average": 4556.838794660001,
        "min": 3852.9972140000027,
        "max": 6661.240260000006,
        "std": 559.938081289284
      }
    }
  },
  "interactive-discover-4": {
    "v0": {
      "n_results": 5,
      "n_http_requests": 62,
      "execution_time": {
        "average": 1291.2476198199993,
        "min": 1194.5090429999982,
        "max": 1403.7422450000013,
        "std": 59.90779425590209
      }
    },
    "v1": {
      "n_results": 3,
      "n_http_requests": 21,
      "execution_time": {
        "average": 751.1168883599998,
        "min": 707.7524720000074,
        "max": 792.5395330000028,
        "std": 20.977536174513155
      }
    },
    "v2": {
      "n_results": 3,
      "n_http_requests": 21,
      "execution_time": {
        "average": 651.5177965799993,
        "min": 611.9171950000018,
        "max": 689.4590579999931,
        "std": 17.6411401700875
      }
    },
    "v3": {
      "n_results": 3,
      "n_http_requests": 205,
      "execution_time": {
        "average": 4284.452597900001,
        "min": 3974.0609790000017,
        "max": 4646.497865999991,
        "std": 253.5794391810894
      }
    },
    "v4": {
      "n_results": 7,
      "n_http_requests": 71,
      "execution_time": {
        "average": 1650.3570894799986,
        "min": 1530.060712999999,
        "max": 1837.813334999999,
        "std": 79.74852560362396
      }
    }
  },
  "interactive-discover-5": {
    "v0": {
      "n_results": 15,
      "n_http_requests": 127,
      "execution_time": {
        "average": 2956.095265479999,
        "min": 2340.979947,
        "max": 3411.3132970000006,
        "std": 394.63870718811387
      }
    },
    "v1": {
      "n_results": 3,
      "n_http_requests": 19,
      "execution_time": {
        "average": 421.1542960399989,
        "min": 396.05304500000784,
        "max": 463.8009059999895,
        "std": 18.3279200015786
      }
    },
    "v2": {
      "n_results": 3,
      "n_http_requests": 19,
      "execution_time": {
        "average": 369.4574000400008,
        "min": 345.18460900000355,
        "max": 418.37549999999464,
        "std": 14.37831739815103
      }
    },
    "v3": {
      "n_results": 4,
      "n_http_requests": 218,
      "execution_time": {
        "average": 3283.1682718600014,
        "min": 2560.583275000012,
        "max": 3590.2984419999993,
        "std": 219.87946290110267
      }
    },
    "v4": {
      "n_results": 20,
      "n_http_requests": 122,
      "execution_time": {
        "average": 2925.6831163800007,
        "min": 2340.3179990000062,
        "max": 3381.562023000006,
        "std": 408.28705911659125
      }
    }
  },
  "interactive-discover-6": {
    "v0": {
      "timeout": 120000
    },
    "v1": {
      "n_results": 1,
      "n_http_requests": 30,
      "execution_time": {
        "average": 989.867097019999,
        "min": 940.5901619999931,
        "max": 1090.86718999999,
        "std": 34.433416142544964
      }
    },
    "v2": {
      "n_results": 1,
      "n_http_requests": 27,
      "execution_time": {
        "average": 761.4070947799997,
        "min": 723.6974530000007,
        "max": 809.2071509999951,
        "std": 20.573345928761206
      }
    },
    "v3": {
      "timeout": 120000
    },
    "v4": {
      "n_results": 27,
      "n_http_requests": 133,
      "execution_time": {
        "average": 6571.568918540001,
        "min": 6091.746367999993,
        "max": 6965.497938,
        "std": 225.39728841344902
      }
    }
  },
  "interactive-discover-7": {
    "v0": {
      "timeout": 120000
    },
    "v1": {
      "n_results": 1,
      "n_http_requests": 30,
      "execution_time": {
        "average": 1006.0460283799994,
        "min": 952.8656119999941,
        "max": 1087.9830950000032,
        "std": 36.72421773593444
      }
    },
    "v2": {
      "n_results": 1,
      "n_http_requests": 27,
      "execution_time": {
        "average": 789.6523422999994,
        "min": 746.3681569999899,
        "max": 833.9919290000107,
        "std": 23.215846900579873
      }
    },
    "v3": {
      "timeout": 120000
    },
    "v4": {
      "n_results": 1,
      "n_http_requests": 133,
      "execution_time": {
        "average": 6283.703175479998,
        "min": 5654.883820000003,
        "max": 6963.518116000007,
        "std": 338.2010652797593
      }
    }
  },