{
  "interactive-discover-1": {
    "v0": {
      "n_results": 6,
      "n_http_requests": 140,
      "execution_time": {
        "average": 5977.266326750003,
        "min": 5565.641207000008,
        "max": 6447.333549000003,
        "std": 380.9406788077241
      }
    },
    "v1": {
      "n_results": 4,
      "n_http_requests": 31,
      "execution_time": {
        "average": 1282.2615029999943,
        "min": 1231.9658899999922,
        "max": 1363.3244739999936,
        "std": 54.75974148542229
      }
    },
    "v2": {
      "n_results": 1,
      "n_http_requests": 28,
      "execution_time": {
        "average": 1074.9312084999947,
        "min": 981.2205969999923,
        "max": 1115.3178349999944,
        "std": 37.2722210224851
      }
    },
    "v3": {
      "n_results": 14,
      "n_http_requests": 246,
      "execution_time": {
        "average": 5643.27627875,
        "min": 5307.816435999994,
        "max": 6039.216532999999,
        "std": 304.7508884652371
      }
    },
    "v4": {
      "n_results": 8,
      "n_http_requests": 68,
      "execution_time": {
        "average": 4247.974768250002,
        "min": 3892.5909910000046,
        "max": 4530.999549,
        "std": 212.39856583940576
      }
    }
  },
  "interactive-discover-2": {
    "v0": {
      "n_results": 66,
      "n_http_requests": 129,
      "execution_time": {
        "average": 6690.860727750001,
        "min": 6059.862376999998,
        "max": 7275.820317999998,
        "std": 342.546074995653
      }
    },
    "v1": {
      "n_results": 46,
      "n_http_requests": 20,
      "execution_time": {
        "average": 1212.5577394999964,
        "min": 1167.7046529999934,
        "max": 1235.3927390000026,
        "std": 25.486449616907375
      }
    },
    "v2": {
      "n_results": 32,
      "n_http_requests": 20,
      "execution_time": {
        "average": 927.7870875000008,
        "min": 894.2436610000004,
        "max": 976.9179959999892,
        "std": 41.05152813680995
      }
    },
    "v3": {
      "n_results": 198,
      "n_http_requests": 228,
      "execution_time": {
        "average": 5972.689889000001,
        "min": 5402.949225999997,
        "max": 6357.512059000001,
        "std": 410.4411340988875
      }
    },
    "v4": {
      "n_results": 98,
      "n_http_requests": 115,
      "execution_time": {
        "average": 6622.765727750004,
        "min": 5860.991311000005,
        "max": 6974.039451000004,
        "std": 473.4526883066112
      }
    }
  },
  "interactive-discover-3": {
    "v0": {
      "n_results": 71,
      "n_http_requests": 255,
      "execution_time": {
        "average": 4404.577110000002,
        "min": 4254.917239000002,
        "max": 4624.840377,
        "std": 162.53424701565174
      }
    },
    "v1": {
      "n_results": 67,
      "n_http_requests": 148,
      "execution_time": {
        "average": 2209.4115039999924,
        "min": 2000.0545719999936,
        "max": 2631.7704109999904,
        "std": 264.23768087305996
      }
    },
    "v2": {
      "n_results": 55,
      "n_http_requests": 104,
      "execution_time": {
        "average": 1668.8109839999997,
        "min": 1547.8436340000044,
        "max": 1845.305628999995,
        "std": 107.37081497773266
      }
    },
    "v3": {
      "n_results": 199,
      "n_http_requests": 402,
      "execution_time": {
        "average": 5727.8512720000035,
        "min": 5462.800411999997,
        "max": 6179.938500000004,
        "std": 277.96332876294053
      }
    },
    "v4": {
      "n_results": 142,
      "n_http_requests": 285,
      "execution_time": {
        "average": 5272.798542749995,
        "min": 5180.023874999999,
        "max": 5427.475853999989,
        "std": 101.87642021046788
      }
    }
  },
  "interactive-discover-4": {
    "v0": {
      "n_results": 5,
      "n_http_requests": 145,
      "execution_time": {
        "average": 5089.9387570000035,
        "min": 4667.615525000001,
        "max": 5576.493094999998,
        "std": 335.23225800994993
      }
    },
    "v1": {
      "n_results": 3,
      "n_http_requests": 24,
      "execution_time": {
        "average": 1013.7421385000016,
        "min": 978.4063889999961,
        "max": 1030.222449000008,
        "std": 21.918501344565776
      }
    },
    "v2": {
      "n_results": 3,
      "n_http_requests": 24,
      "execution_time": {
        "average": 807.9806777499944,
        "min": 766.7865469999961,
        "max": 848.7165549999918,
        "std": 34.078306638921404
      }
    },
    "v3": {
      "n_results": 3,
      "n_http_requests": 204,
      "execution_time": {
        "average": 4164.245966499995,
        "min": 4016.0599019999936,
        "max": 4423.232848999993,
        "std": 175.447289434392
      }
    },
    "v4": {
      "n_results": 7,
      "n_http_requests": 82,
      "execution_time": {
        "average": 2144.1507632499997,
        "min": 2043.6196550000022,
        "max": 2276.8415139999997,
        "std": 101.39627164366306
      }
    }
  },
  "interactive-discover-5": {
    "v0": {
      "n_results": 5,
      "n_http_requests": 50,
      "execution_time": {
        "average": 746.7300614999949,
        "min": 725.8518139999942,
        "max": 755.5045879999961,
        "std": 20.896361036802393
      }
    },
    "v1": {
      "n_results": 3,
      "n_http_requests": 11,
      "execution_time": {
        "average": 437.04552550000153,
        "min": 411.2653080000018,
        "max": 469.4553620000079,
        "std": 27.180924926518372
      }
    },
    "v2": {
      "n_results": 3,
      "n_http_requests": 11,
      "execution_time": {
        "average": 382.98717124999894,
        "min": 374.46572699998796,
        "max": 391.26864999999816,
        "std": 13.233171021375409
      }
    },
    "v3": {
      "n_results": 3,
      "n_http_requests": 200,
      "execution_time": {
        "average": 2938.830207750001,
        "min": 2678.139259000003,
        "max": 3152.5475530000112,
        "std": 186.20649330902643
      }
    },
    "v4": {
      "n_results": 20,
      "n_http_requests": 115,
      "execution_time": {
        "average": 3115.3131490000014,
        "min": 2400.4898070000054,
        "max": 3676.202044000005,
        "std": 491.1079418323584
      }
    }
  },
  "interactive-discover-6": {
    "v0": {
      "timeout": 120000
    },
    "v1": {
      "n_results": 1,
      "n_http_requests": 31,
      "execution_time": {
        "average": 1128.6290520000002,
        "min": 1075.8885480000026,
        "max": 1207.0212690000044,
        "std": 44.05087896020641
      }
    },
    "v2": {
      "n_results": 1,
      "n_http_requests": 28,
      "execution_time": {
        "average": 859.2481095000039,
        "min": 829.7799780000059,
        "max": 885.6612719999976,
        "std": 31.231804696134688
      }
    },
    "v3": {
      "timeout": 120000
    },
    "v4": {
      "n_results": 27,
      "n_http_requests": 134,
      "execution_time": {
        "average": 6899.842068999998,
        "min": 6550.547667999999,
        "max": 7096.732052000007,
        "std": 228.5713063025619
      }
    }
  },
  "interactive-discover-7": {
    "v0": {
      "timeout": 120000
    },
    "v1": {
      "n_results": 1,
      "n_http_requests": 31,
      "execution_time": {
        "average": 1160.0814969999992,
        "min": 1133.7023929999996,
        "max": 1191.5898640000087,
        "std": 26.88145035639023
      }
    },
    "v2": {
      "n_results": 1,
      "n_http_requests": 28,
      "execution_time": {
        "average": 874.179465250003,
        "min": 844.7518430000055,
        "max": 930.2027099999978,
        "std": 26.777593083930867
      }
    },
    "v3": {
      "timeout": 120000
    },
    "v4": {
      "n_results": 1,
      "n_http_requests": 134,
      "execution_time": {
        "average": 6592.432155499999,
        "min": 6228.338816000003,
        "max": 6903.457269999999,