{
  "interactive-discover-1": {
    "v0": {
      "n_results": 6,
      "n_http_requests": 127,
      "execution_time": {
        "average": 5727.027499599999,
        "min": 5134.499097000007,
        "max": 6276.911116000003,
        "std": 343.9271949043015
      }
    },
    "v1": {
      "n_results": 4,
      "n_http_requests": 19,
      "execution_time": {
        "average": 989.7071829400014,
        "min": 922.4364080000087,
        "max": 1066.4736820000107,
        "std": 48.616039734652894
      }
    },
    "v2": {
      "n_results": 1,
      "n_http_requests": 16,
      "execution_time": {
        "average": 773.61131938,
        "min": 722.8846740000008,
        "max": 890.5583079999924,
        "std": 40.27963301885187
      }
    },
    "v3": {
      "n_results": 14,
      "n_http_requests": 223,
      "execution_time": {
        "average": 5024.103887359997,
        "min": 4082.494380999997,
        "max": 6313.3666060000105,
        "std": 520.2591899915409
      }
    },
    "v4": {
      "n_results": 8,
      "n_http_requests": 122,
      "execution_time": {
        "average": 5559.19972974,
        "min": 5056.719379000002,
        "max": 6137.271538999994,
        "std": 316.45769251143247
      }
    }
  },
  "interactive-discover-2": {
    "v0": {
      "n_results": 66,
      "n_http_requests": 127,
      "execution_time": {
        "average": 6430.237548579998,
        "min": 5865.923683000001,
        "max": 7100.1712569999945,
        "std": 361.0348375049106
      }
    },
    "v1": {
      "n_results": 46,
      "n_http_requests": 19,
      "execution_time": {
        "average": 1163.9322651600003,
        "min": 1069.4022490000061,
        "max": 1273.3792469999898,
        "std": 59.83761621516081
      }
    },
    "v2": {
      "n_results": 32,
      "n_http_requests": 16,
      "execution_time": {
        "average": 891.0037758999999,
        "min": 822.5076890000055,
        "max": 971.1951509999926,
        "std": 47.81817162760724
      }
    },
    "v3": {
      "n_results": 198,
      "n_http_requests": 223,
      "execution_time": {
        "average": 5151.1723028199995,
        "min": 4516.139293999993,
        "max": 6197.017187999998,
        "std": 456.14435786362634
      }
    },
    "v4": {
      "n_results": 98,
      "n_http_requests": 122,
      "execution_time": {
        "average": 6200.334893980001,
        "min": 5645.491504999998,
        "max": 6934.219215999998,
        "std": 350.0733000717116
      }
    }
  },
  "interactive-discover-3": {
    "v0": {
      "n_results": 71,
      "n_http_requests": 253,
      "execution_time": {
        "average": 4738.341195319999,
        "min": 4364.651721999995,
        "max": 5293.775293999992,
        "std": 224.42950483202762
      }
    },
    "v1": {
      "n_results": 67,
      "n_http_requests": 147,
      "execution_time": {
        "average": 2395.1092565599984,
        "min": 1727.7755739999993,
        "max": 2934.3380879999895,
        "std": 377.81021547764806
      }
    },
    "v2": {
      "n_results": 55,
      "n_http_requests": 100,
      "execution_time": {
        "average": 1536.2774747800004,
        "min": 1272.985925999994,
        "max": 1791.0719700000045,
        "std": 141.30211392833016
      }
    },
    "v3": {
      "n_results": 203,
      "n_http_requests": 429,
      "execution_time": {
        "average": 5633.51439852,
        "min": 4624.645578000011,
        "max": 6786.365338999996,
        "std": 417.4328538874227
      }
    },
    "v4": {
      "n_results": 142,
      "n_http_requests": 273,
      "execution_time": {
        "average": 4486.90248462,
        "min": 3996.864554999993,
        "max": 5171.632203000001,
        "std": 327.84713953881317
      }
    }
  },
  "interactive-discover-4": {
    "v0": {
      "n_results": 5,
      "n_http_requests": 143,
      "execution_time": {
        "average": 4923.108336319999,
        "min": 4542.927012,
        "max": 5336.654420999999,
        "std": 228.73816850571492
      }
    },
    "v1": {
      "n_results": 3,
      "n_http_requests": 23,
      "execution_time": {
        "average": 931.4354829600005,
        "min": 859.2367890000023,
        "max": 1062.4417119999998,
        "std": 49.538878225038715
      }
    },
    "v2": {
      "n_results": 3,
      "n_http_requests": 20,
      "execution_time": {
        "average": 757.5580661799994,
        "min": 688.4641219999903,
        "max": 835.4966559999884,
        "std": 42.55624354324481
      }
    },
    "v3": {
      "n_results": 3,
      "n_http_requests": 228,
      "execution_time": {
        "average": 4106.131461019998,
        "min": 3579.168172999998,
        "max": 4937.641061000002,
        "std": 434.5597532564477
      }
    },
    "v4": {
      "n_results": 7,
      "n_http_requests": 142,
      "execution_time": {
        "average": 4930.994088100001,
        "min": 4523.343441999998,
        "max": 5413.9447539999965,
        "std": 248.47152345168797
      }
    }
  },
  "interactive-discover-5": {
    "v0": {
      "n_results": 15,
      "n_http_requests": 127,
      "execution_time": {
        "average": 3311.7587574399986,
        "min": 2778.1529449999944,
        "max": 3874.65095000001,
        "std": 390.4697247733164
      }
    },
    "v1": {
      "n_results": 3,
      "n_http_requests": 19,
      "execution_time": {
        "average": 470.26686327999863,
        "min": 429.649780000007,
        "max": 517.1566620000085,
        "std": 20.913348093984567
      }
    },
    "v2": {
      "n_results": 3,
      "n_http_requests": 16,
      "execution_time": {
        "average": 371.85724625999836,
        "min": 350.819485,
        "max": 411.0873139999894,
        "std": 15.857913172868408
      }
    },
    "v3": {
      "n_results": 4,
      "n_http_requests": 223,
      "execution_time": {
        "average": 2604.8824434800003,
        "min": 2386.462738999995,
        "max": 3278.6911120000004,
        "std": 156.2646834702085
      }
    },
    "v4": {
      "n_results": 20,
      "n_http_requests": 122,
      "execution_time": {
        "average": 2946.7244313799993,
        "min": 2329.232615999994,
        "max": 3839.9599489999964,
        "std": 475.4067728852084
      }
    }
  },
  "interactive-discover-6": {
    "v0": {
      "timeout": 120000
    },
    "v1": {
      "n_results": 1,
      "n_http_requests": 19,
      "execution_time": {
        "average": 862.6771148799994,
        "min": 808.2016440000007,
        "max": 944.4238820000028,
        "std": 34.22603253384013
      }
    },
    "v2": {
      "n_results": 1,
      "n_http_requests": 16,
      "execution_time": {
        "average": 640.2475704199999,
        "min": 600.623562000008,
        "max": 688.8906850000058,
        "std": 25.20079287610154
      }
    },
    "v3": {
      "timeout": 120000
    },
    "v4": {
      "n_results": 27,
      "n_http_requests": 122,
      "execution_time": {
        "average": 6236.492589979998,
        "min": 5819.318981999997,
        "max": 6765.385465999992,
        "std": 220.43225610240486
      }
    }
  },
  "interactive-discover-7": {
    "v0": {
      "timeout": 120000
    },
    "v1": {
      "n_results": 1,
      "n_http_requests": 19,
      "execution_time": {
        "average": 879.2428419400021,
        "min": 819.0544700000028,
        "max": 934.0239480000018,
        "std": 40.337695421443264
      }
    },
    "v2": {
      "n_results": 1,
      "n_http_requests": 16,
      "execution_time": {
        "average": 657.7789869000001,
        "min": 612.9924869999959,
        "max": 753.1087969999935,
        "std": 31.52455847925027
      }
    },
    "v3": {
      "timeout": 120000
    },
    "v4": {
      "n_results": 1,
      "n_http_requests": 122,
      "execution_time": {
        "average": 6004.211768380001,
        "min": 5601.484121000001,
        "max": 6531.095795000001,
        "std": 268.1876441430018
      }
    }
  },