{
  "interactive-discover-1": {
    "v0": {
      "n_results": 6,
      "n_http_requests": 127,
      "execution_time": {
        "average": 5921.958331500003,
        "min": 5535.60307099999,
        "max": 6360.934603999995,
        "std": 305.50141423428653
      }
    },
    "v1": {
      "n_results": 4,
      "n_http_requests": 19,
      "execution_time": {
        "average": 1014.9900506999999,
        "min": 928.6521360000042,
        "max": 1058.853132999997,
        "std": 34.71321847079404
      }
    },
    "v2": {
      "n_results": 1,
      "n_http_requests": 16,
      "execution_time": {
        "average": 792.5000196999987,
        "min": 725.169384000008,
        "max": 819.6705849999998,
        "std": 35.387043633076836
      }
    },
    "v3": {
      "n_results": 14,
      "n_http_requests": 223,
      "execution_time": {
        "average": 4857.951038499998,
        "min": 4127.714798000001,
        "max": 5485.328058999992,
        "std": 412.6424319380052
      }
    },
    "v4": {
      "n_results": 8,
      "n_http_requests": 122,
      "execution_time": {
        "average": 5537.962137299999,
        "min": 5114.794461999991,
        "max": 6102.406110000011,
        "std": 324.5123993403067
      }
    }
  },
  "interactive-discover-2": {
    "v0": {
      "n_results": 66,
      "n_http_requests": 127,
      "execution_time": {
        "average": 6076.307800000002,
        "min": 5703.621121000004,
        "max": 6783.827276000011,
        "std": 371.97740716858954
      }
    },
    "v1": {
      "n_results": 46,
      "n_http_requests": 19,
      "execution_time": {
        "average": 1164.540143599997,
        "min": 1068.0357179999992,
        "max": 1237.535858999996,
        "std": 57.61061605664938
      }
    },
    "v2": {
      "n_results": 32,
      "n_http_requests": 16,
      "execution_time": {
        "average": 922.4538373999967,
        "min": 910.1558159999986,
        "max": 942.3394299999927,
        "std": 13.792843028111225
      }
    },
    "v3": {
      "n_results": 198,
      "n_http_requests": 223,
      "execution_time": {
        "average": 5256.636521899998,
        "min": 4493.243570999999,
        "max": 6506.0990519999905,
        "std": 489.69142812322514
      }
    },
    "v4": {
      "n_results": 98,
      "n_http_requests": 122,
      "execution_time": {
        "average": 6104.016200999997,
        "min": 5599.719483999987,
        "max": 6770.734899999996,
        "std": 394.02453032590995
      }
    }
  },
  "interactive-discover-3": {
    "v0": {
      "n_results": 71,
      "n_http_requests": 253,
      "execution_time": {
        "average": 4807.141309200002,
        "min": 4352.6235000000015,
        "max": 5798.8598619999975,
        "std": 391.79120718660454
      }
    },
    "v1": {
      "n_results": 67,
      "n_http_requests": 147,
      "execution_time": {
        "average": 2385.1079298000027,
        "min": 1737.5094169999938,
        "max": 2776.928958000004,
        "std": 373.3342398861598
      }
    },
    "v2": {
      "n_results": 55,
      "n_http_requests": 100,
      "execution_time": {
        "average": 1520.9687407000006,
        "min": 1282.4832390000083,
        "max": 1741.0927970000048,
        "std": 177.42982566089182
      }
    },
    "v3": {
      "n_results": 203,
      "n_http_requests": 429,
      "execution_time": {
        "average": 5748.375695700002,
        "min": 5303.080244000012,
        "max": 6674.643801000013,
        "std": 392.08866897757406
      }
    },
    "v4": {
      "n_results": 142,
      "n_http_requests": 273,
      "execution_time": {
        "average": 4247.651670099998,
        "min": 3943.9112529999984,
        "max": 4679.726282000003,
        "std": 270.09745266801906
      }
    }
  },
  "interactive-discover-4": {
    "v0": {
      "n_results": 5,
      "n_http_requests": 143,
      "execution_time": {
        "average": 4972.769905600001,
        "min": 4677.579112000007,
        "max": 5210.84174399999,
        "std": 183.7882565688597
      }
    },
    "v1": {
      "n_results": 3,
      "n_http_requests": 23,
      "execution_time": {
        "average": 922.3380238000012,
        "min": 858.0616080000036,
        "max": 1001.5241649999953,
        "std": 55.68662671288184
      }
    },
    "v2": {
      "n_results": 3,
      "n_http_requests": 20,
      "execution_time": {
        "average": 746.1234742,
        "min": 694.0361759999942,
        "max": 779.4489329999924,
        "std": 32.35507367646036
      }
    },
    "v3": {
      "n_results": 3,
      "n_http_requests": 228,
      "execution_time": {
        "average": 4077.7355696000013,
        "min": 3551.749760999999,
        "max": 4822.563830000014,
        "std": 396.55461340077335
      }
    },
    "v4": {
      "n_results": 7,
      "n_http_requests": 142,
      "execution_time": {
        "average": 4881.7767177999995,
        "min": 4468.012359,
        "max": 5336.438825000005,
        "std": 278.12077972179105
      }
    }
  },
  "interactive-discover-5": {
    "v0": {
      "n_results": 15,
      "n_http_requests": 127,
      "execution_time": {
        "average": 3433.726767400002,
        "min": 2832.4109489999973,
        "max": 3808.9805449999985,
        "std": 404.66021786370294
      }
    },
    "v1": {
      "n_results": 3,
      "n_http_requests": 19,
      "execution_time": {
        "average": 442.06509739999746,
        "min": 422.62934999998834,
        "max": 463.42276899999706,
        "std": 16.69359706467786
      }
    },
    "v2": {
      "n_results": 3,
      "n_http_requests": 16,
      "execution_time": {
        "average": 360.184103299999,
        "min": 342.48227999999654,
        "max": 400.40822800000024,
        "std": 18.130379830061248
      }
    },
    "v3": {
      "n_results": 4,
      "n_http_requests": 223,
      "execution_time": {
        "average": 2665.7173683000015,
        "min": 2268.737724999999,
        "max": 3230.6589220000023,
        "std": 215.90647509269405
      }
    },
    "v4": {
      "n_results": 20,
      "n_http_requests": 122,
      "execution_time": {
        "average": 3130.7679266000023,
        "min": 2321.3598619999975,
        "max": 3649.3637920000037,
        "std": 448.50948603810895
      }
    }
  },
  "interactive-discover-6": {
    "v0": {
      "timeout": 120000
    },
    "v1": {
      "n_results": 1,
      "n_http_requests": 19,
      "execution_time": {
        "average": 863.0519703000012,
        "min": 811.1929240000027,
        "max": 949.4854589999886,
        "std": 45.03508940600852
      }
    },
    "v2": {
      "n_results": 1,
      "n_http_requests": 16,
      "execution_time": {
        "average": 637.0011491999991,
        "min": 601.7112320000015,
        "max": 669.2488010000088,
        "std": 22.22318710934832
      }
    },
    "v3": {
      "timeout": 120000
    },
    "v4": {
      "n_results": 27,
      "n_http_requests": 122,
      "execution_time": {
        "average": 6195.0641075,
        "min": 5949.491238000002,
        "max": 6452.837903000007,
        "std": 182.44263984610544
      }
    }
  },
  "interactive-discover-7": {
    "v0": {
      "timeout": 120000
    },
    "v1": {
      "n_results": 1,
      "n_http_requests": 19,
      "execution_time": {
        "average": 895.1134319999983,
        "min": 827.5638619999954,
        "max": 944.7351219999982,
        "std": 34.92038045262692
      }
    },
    "v2": {
      "n_results": 1,
      "n_http_requests": 16,
      "execution_time": {
        "average": 643.1417982999977,
        "min": 619.7963779999991,
        "max": 704.8688209999964,
        "std": 31.189926956368968
      }
    },
    "v3": {
      "timeout": 120000
    },
    "v4": {
      "n_results": 1,
      "n_http_requests": 122,
      "execution_time": {
        "average": 5950.925914900001,
        "min": 5647.2750899999955,
        "max": 6283.87539999999,