{
  "interactive-discover-1": {
    "v0": {
      "n_results": 6,
      "n_http_requests": 129,
      "execution_time": {
        "average": 4056.2282994999987,
        "min": 3549.8846570000023,
        "max": 4474.483632000003,
        "std": 443.0673177451002
      }
    },
    "v1": {
      "n_results": 4,
      "n_http_requests": 20,
      "execution_time": {
        "average": 678.8517370000009,
        "min": 649.8852900000056,
        "max": 718.9539989999903,
        "std": 32.68890476882621
      }
    },
    "v2": {
      "n_results": 1,
      "n_http_requests": 17,
      "execution_time": {
        "average": 271.817777749995,
        "min": 265.6255969999911,
        "max": 284.3629949999886,
        "std": 12.276227446107173
      }
    },
    "v3": {
      "n_results": 14,
      "n_http_requests": 224,
      "execution_time": {
        "average": 4074.284292999997,
        "min": 3840.3514859999996,
        "max": 4458.643586000006,
        "std": 277.7036226154972
      }
    },
    "v4": {
      "n_results": 8,
      "n_http_requests": 74,
      "execution_time": {
        "average": 2473.2255475000056,
        "min": 2345.046761000005,
        "max": 2614.38263800001,
        "std": 120.48701967898836
      }
    }
  },
  "interactive-discover-2": {
    "v0": {
      "n_results": 66,
      "n_http_requests": 129,
      "execution_time": {
        "average": 4734.119439000002,
        "min": 4576.227794999999,
        "max": 4971.952705000003,
        "std": 146.56385454136756
      }
    },
    "v1": {
      "n_results": 46,
      "n_http_requests": 20,
      "execution_time": {
        "average": 814.6641892500011,
        "min": 765.0150610000128,
        "max": 891.0927979999979,
        "std": 61.351268624042795
      }
    },
    "v2": {
      "n_results": 32,
      "n_http_requests": 18,
      "execution_time": {
        "average": 581.2473417500005,
        "min": 559.151887999993,
        "max": 596.8221160000103,
        "std": 19.24692696614129
      }
    },
    "v3": {
      "n_results": 198,
      "n_http_requests": 224,
      "execution_time": {
        "average": 4479.352736000001,
        "min": 4103.742912999995,
        "max": 4806.245431999996,
        "std": 304.11089436581676
      }
    },
    "v4": {
      "n_results": 98,
      "n_http_requests": 121,
      "execution_time": {
        "average": 3841.611724999995,
        "min": 3536.0839179999894,
        "max": 4169.954690999992,
        "std": 292.70483816882563
      }
    }
  },
  "interactive-discover-3": {
    "v0": {
      "n_results": 71,
      "n_http_requests": 255,
      "execution_time": {
        "average": 3344.545459500001,
        "min": 3280.782506000003,
        "max": 3420.8408930000005,
        "std": 56.92307494176138
      }
    },
    "v1": {
      "n_results": 67,
      "n_http_requests": 148,
      "execution_time": {
        "average": 2427.172252500004,
        "min": 1977.9346740000037,
        "max": 2713.057624000008,
        "std": 311.8630141410059
      }
    },
    "v2": {
      "n_results": 55,
      "n_http_requests": 102,
      "execution_time": {
        "average": 1541.9597949999988,
        "min": 1480.1577109999926,
        "max": 1679.821339000002,
        "std": 55.707657935538464
      }
    },
    "v3": {
      "n_results": 203,
      "n_http_requests": 430,
      "execution_time": {
        "average": 5907.4191767500015,
        "min": 5701.282650000008,
        "max": 6123.188651999997,
        "std": 185.83983404744276
      }
    },
    "v4": {
      "n_results": 142,
      "n_http_requests": 272,
      "execution_time": {
        "average": 4042.419669499999,
        "min": 3447.9310330000008,
        "max": 4556.703150999994,
        "std": 300.9851314004049
      }
    }
  },
  "interactive-discover-4": {
    "v0": {
      "n_results": 5,
      "n_http_requests": 64,
      "execution_time": {
        "average": 1091.4446970000026,
        "min": 1028.1086380000052,
        "max": 1160.0350389999949,
        "std": 57.719921267658904
      }
    },
    "v1": {
      "n_results": 3,
      "n_http_requests": 24,
      "execution_time": {
        "average": 734.471507000002,
        "min": 681.0666880000063,
        "max": 766.1618599999929,
        "std": 39.211833397385476
      }
    },
    "v2": {
      "n_results": 3,
      "n_http_requests": 33,
      "execution_time": {
        "average": 702.9484654999978,
        "min": 658.553356999997,
        "max": 744.1901069999876,
        "std": 36.749200276524796
      }
    },
    "v3": {
      "n_results": 3,
      "n_http_requests": 229,
      "execution_time": {
        "average": 3822.892377250002,
        "min": 3727.8393269999942,
        "max": 4012.781995000012,
        "std": 136.128247505775
      }
    },
    "v4": {
      "n_results": 7,
      "n_http_requests": 154,
      "execution_time": {
        "average": 3439.0642647499917,
        "min": 3191.8943940000026,
        "max": 3666.905284999986,
        "std": 227.7604029324951
      }
    }
  },
  "interactive-discover-5": {
    "v0": {
      "n_results": 15,
      "n_http_requests": 129,
      "execution_time": {
        "average": 3522.0464302500004,
        "min": 3320.0373109999928,
        "max": 3668.5940170000104,
        "std": 126.14193827269946
      }
    },
    "v1": {
      "n_results": 3,
      "n_http_requests": 20,
      "execution_time": {
        "average": 478.36000225000316,
        "min": 463.2817350000114,
        "max": 508.99793100000534,
        "std": 16.90810048823904
      }
    },
    "v2": {
      "n_results": 3,
      "n_http_requests": 18,
      "execution_time": {
        "average": 352.9234502500003,
        "min": 338.2888019999955,
        "max": 360.3137410000054,
        "std": 14.152440299825015
      }
    },
    "v3": {
      "n_results": 4,
      "n_http_requests": 224,
      "execution_time": {
        "average": 3238.564210249995,
        "min": 3026.812347999992,
        "max": 3434.946622999996,
        "std": 151.58428277428277
      }
    },
    "v4": {
      "n_results": 20,
      "n_http_requests": 121,
      "execution_time": {
        "average": 3019.9603504999977,
        "min": 2422.323682000002,
        "max": 3256.164878999989,
        "std": 376.9176518910012
      }
    }
  },
  "interactive-discover-6": {
    "v0": {
      "timeout": 120000
    },
    "v1": {
      "n_results": 1,
      "n_http_requests": 20,
      "execution_time": {
        "average": 625.6616302500006,
        "min": 580.9992749999947,
        "max": 664.1323260000063,
        "std": 31.102655602984417
      }
    },
    "v2": {
      "n_results": 1,
      "n_http_requests": 25,
      "execution_time": {
        "average": 537.7612504999997,
        "min": 523.1629069999908,
        "max": 561.4639279999974,
        "std": 19.849550837256633
      }
    },
    "v3": {
      "timeout": 120000
    },
    "v4": {
      "n_results": 27,
      "n_http_requests": 131,
      "execution_time": {
        "average": 4447.214979,
        "min": 4282.132260999992,
        "max": 4600.309479000003,
        "std": 142.27567926029835
      }
    }
  },
  "interactive-discover-7": {
    "v0": {
      "timeout": 120000
    },
    "v1": {
      "n_results": 1,
      "n_http_requests": 20,
      "execution_time": {
        "average": 606.301841250006,
        "min": 572.59537000001,
        "max": 644.9612740000011,
        "std": 33.721642632941396
      }
    },
    "v2": {
      "n_results": 1,
      "n_http_requests": 26,
      "execution_time": {
        "average": 579.6696547500032,
        "min": 556.7210279999999,
        "max": 604.8638490000012,
        "std": 25.352985267921888
      }
    },
    "v3": {
      "timeout": 120000
    },
    "v4": {
      "n_results": 1,
      "n_http_requests": 132,
      "execution_time": {
        "average": 3768.877445250004,
        "min": 3700.787850000008,
        "max": 3879.5146990000067,