{
  "interactive-discover-1": {
    "average": 0.03660126999998511,
    "std": 0.028888073552612463,
    "max": 0.07213299999989431,
    "min": 0.023240999999870837
  },
  "interactive-discover-2": {
    "average": 0.04870764999999892,
    "std": 0.05398838308813046,
    "max": 0.23539499999992586,
    "min": 0.03128100000003542
  },
  "interactive-discover-3": {
    "average": 0.03136453999998821,
    "std": 0.06695698008872171,
    "max": 0.6518719999999121,
    "min": 0.022193000000015672
  },
  "interactive-discover-4": {
    "average": 0.027168299999998452,
    "std": 0.02002485657675849,
    "max": 0.03982700000005934,
    "min": 0.02553499999999076
  },
  "interactive-discover-5": {
    "average": 0.014395829999989474,
    "std": 0.01479099707265071,
    "max": 0.02164400000015121,
    "min": 0.013722999999799868
  },
  "interactive-discover-6": {
    "average": 0.037507830000013204,
    "std": 0.02602361715126048,
    "max": 0.08449799999993957,
    "min": 0.020100999999840496
  },
  "interactive-discover-7": {
    "average": 0.04125480999999581,
    "std": 0.07756315455203419,
    "max": 0.6903019999999742,
    "min": 0.022232000000030894
  },
  "interactive-discover-8": {
    "average": 0.02936184999998886,
    "std": 0.02636726002260428,
    "max": 0.1772880000000896,
    "min": 0.025914999999940846
  },
  "interactive-short-1-nocity": {
    "average": 0.040515129999994313,
    "std": 0.05200396514437337,
    "max": 0.49555000000009386,
    "min": 0.034339999999929205
  },
  "interactive-short-1": {
    "average": 0.0705357899999899,
    "std": 0.042593034245640225,
    "max": 0.24092200000018238,
    "min": 0.047986000000037166
  },
  "interactive-short-2": {
    "average": 0.10709367999999131,
    "std": 0.0849869799580276,
    "max": 0.7383689999999206,
    "min": 0.09331300000008014
  },
  "interactive-short-3-unidir": {
    "average": 0.09782891000000973,
    "std": 0.2817641088454593,
    "max": 2.8376949999999397,
    "min": 0.04511000000002241
  },
  "interactive-short-3": {
    "average": 0.05671996999998555,
    "std": 0.07755241365821273,
    "max": 0.7564499999998588,
    "min": 0.04641900000001442
  },
  "interactive-short-4-creator": {
    "average": 0.050522840000012365,
    "std": 0.038373878399224244,
    "max": 0.16332499999998618,
    "min": 0.026442999999972017
  },
  "interactive-short-4": {
    "average": 0.040663639999995664,
    "std": 0.07576517003679922,
    "max": 0.7407919999998285,
    "min": 0.022787000000107582
  },
  "interactive-short-5": {
    "average": 0.03500843999998779,
    "std": 0.026557686327747722,
    "max": 0.06748600000014449,
    "min": 0.031868000000031316
  },
  "interactive-short-6": {
    "average": 0.062299600000003466,
    "std": 0.05455211180139553,
    "max": 0.49025700000015604,
    "min": 0.050275000000056025
  },
  "interactive-short-7": {
    "average": 0.1199184499999842,
    "std": 0.09270093860333775,
    "max": 0.6921859999999924,
    "min": 0.08382800000003954
  }
}