{
  "interactive-discover-1": {
    "average": 0.02574417999999696,
    "std": 0.061662830057716216,
    "max": 0.6035400000000664,
    "min": 0.016504999999824577
  },
  "interactive-discover-2": {
    "average": 0.024935040000016215,
    "std": 0.019996291704977236,
    "max": 0.0734740000000329,
    "min": 0.019344999999930224
  },
  "interactive-discover-3": {
    "average": 0.056107909999986987,
    "std": 0.20340860998549473,
    "max": 1.8916239999998652,
    "min": 0.01833699999997407
  },
  "interactive-discover-4": {
    "average": 0.02901834999999437,
    "std": 0.0224224491440693,
    "max": 0.09882800000013958,
    "min": 0.021146000000044296
  },
  "interactive-discover-5": {
    "average": 0.012028270000014345,
    "std": 0.014549259067332296,
    "max": 0.02224500000011176,
    "min": 0.010911000000078275
  },
  "interactive-discover-6": {
    "average": 0.017707960000000186,
    "std": 0.01606403343358997,
    "max": 0.02547499999991487,
    "min": 0.016268000000081884
  },
  "interactive-discover-7": {
    "average": 0.026840839999993024,
    "std": 0.08717521895568206,
    "max": 0.8718829999997979,
    "min": 0.016222999999854437
  },
  "interactive-discover-8": {
    "average": 0.023007850000008146,
    "std": 0.02052963028797852,
    "max": 0.051828000000114116,
    "min": 0.01873199999999997
  },
  "interactive-short-1-nocity": {
    "average": 0.030153069999998935,
    "std": 0.022763673573281504,
    "max": 0.05633499999999003,
    "min": 0.02651700000001256
  },
  "interactive-short-1": {
    "average": 0.0700522999999771,
    "std": 0.22293228451227987,
    "max": 2.1955760000000737,
    "min": 0.03402300000016112
  },
  "interactive-short-2": {
    "average": 0.09781465999999454,
    "std": 0.10740042835100648,
    "max": 1.052171000000044,
    "min": 0.06696499999998196
  },
  "interactive-short-3-unidir": {
    "average": 0.056465949999997066,
    "std": 0.08457187762681283,
    "max": 0.789592999999968,
    "min": 0.03428099999996448
  },
  "interactive-short-3": {
    "average": 0.0407246199999895,
    "std": 0.023824393842678798,
    "max": 0.05589200000008532,
    "min": 0.03783700000008139
  },
  "interactive-short-4-creator": {
    "average": 0.02688235999998824,
    "std": 0.05542284784525076,
    "max": 0.5405659999998988,
    "min": 0.01707699999997203
  },
  "interactive-short-4": {
    "average": 0.01688829999999598,
    "std": 0.014632442433176898,
    "max": 0.02937400000018897,
    "min": 0.014552000000094267
  },
  "interactive-short-5": {
    "average": 0.059853929999983395,
    "std": 0.07417537653766734,
    "max": 0.6063919999999143,
    "min": 0.027049999999917418
  },
  "interactive-short-6": {
    "average": 0.04338317999999617,
    "std": 0.024921957283621416,
    "max": 0.061249999999972715,
    "min": 0.040651000000025306
  },
  "interactive-short-7": {
    "average": 0.09949245000001383,
    "std": 0.08600890649052681,
    "max": 0.7441840000001321,
    "min": 0.06055400000013833
  }
}