{
  "interactive-discover-1": {
    "average": 0.03058818000000315,
    "std": 0.06832726549823465,
    "max": 0.4194919999999911,
    "min": 0.018882999999959793
  },
  "interactive-discover-2": {
    "average": 0.055635530000006386,
    "std": 0.24314421895298344,
    "max": 2.4482410000000527,
    "min": 0.027185000000031323
  },
  "interactive-discover-3": {
    "average": 0.04055868999999916,
    "std": 0.04075316623729565,
    "max": 0.29933599999992566,
    "min": 0.018581999999923937
  },
  "interactive-discover-4": {
    "average": 0.03039342999999576,
    "std": 0.027787802019247562,
    "max": 0.11997800000006009,
    "min": 0.021062000000029002
  },
  "interactive-discover-5": {
    "average": 0.024323659999996607,
    "std": 0.03590577724340491,
    "max": 0.13230899999996382,
    "min": 0.010103999999955704
  },
  "interactive-discover-6": {
    "average": 0.049117699999991375,
    "std": 0.11876775062894043,
    "max": 1.005036999999902,
    "min": 0.0166189999999915
  },
  "interactive-discover-7": {
    "average": 0.016943949999998723,
    "std": 0.015624645820870614,
    "max": 0.024145000000089567,
    "min": 0.015846000000010463
  },
  "interactive-discover-8": {
    "average": 0.025596790000000737,
    "std": 0.055918831053595935,
    "max": 0.5523540000000366,
    "min": 0.018947000000025582
  },
  "interactive-short-1-nocity": {
    "average": 0.02660226000000307,
    "std": 0.021117032639212736,
    "max": 0.04351900000006026,
    "min": 0.024695000000065193
  },
  "interactive-short-1": {
    "average": 0.06057149000000891,
    "std": 0.03890855800559888,
    "max": 0.1644130000000814,
    "min": 0.034681000000091444
  },
  "interactive-short-2": {
    "average": 0.10591509999999175,
    "std": 0.12977260497505466,
    "max": 0.9344759999999042,
    "min": 0.06752499999993233
  },
  "interactive-short-3-unidir": {
    "average": 0.0525346500000046,
    "std": 0.03423504882952968,
    "max": 0.17127300000004197,
    "min": 0.032856000000037966
  },
  "interactive-short-3": {
    "average": 0.06297031000000175,
    "std": 0.1145466190985102,
    "max": 0.8249360000000934,
    "min": 0.034085000000004584
  },
  "interactive-short-4-creator": {
    "average": 0.026806110000007946,
    "std": 0.04559223537532748,
    "max": 0.43501100000003134,
    "min": 0.018773000000010143
  },
  "interactive-short-4": {
    "average": 0.026175469999993765,
    "std": 0.022714382456888626,
    "max": 0.08788499999991473,
    "min": 0.01723699999990913
  },
  "interactive-short-5": {
    "average": 0.04707164000000148,
    "std": 0.04965845990908233,
    "max": 0.3390029999999342,
    "min": 0.02696400000002086
  },
  "interactive-short-6": {
    "average": 0.06401058999999577,
    "std": 0.0957962175080706,
    "max": 0.7350089999999909,
    "min": 0.041235000000028776
  },
  "interactive-short-7": {
    "average": 0.11000684000000206,
    "std": 0.07558059554399771,
    "max": 0.4453170000000455,
    "min": 0.06817999999998392
  }
}