{
  "interactive-discover-1": {
    "average": 0.03261492999999973,
    "std": 0.032380766073339444,
    "max": 0.10338200000001052,
    "min": 0.030700999999908163
  },
  "interactive-discover-2": {
    "average": 0.02691880000000765,
    "std": 0.027814651118649128,
    "max": 0.07330300000000989,
    "min": 0.02151600000001963
  },
  "interactive-discover-3": {
    "average": 0.07617182000000638,
    "std": 0.2393056919923875,
    "max": 2.397179000000051,
    "min": 0.019010999999977685
  },
  "interactive-discover-4": {
    "average": 0.02848397000000773,
    "std": 0.02931343949668947,
    "max": 0.12119299999994837,
    "min": 0.018403000000034808
  },
  "interactive-discover-5": {
    "average": 0.01049953999999616,
    "std": 0.013525914809590993,
    "max": 0.018069999999966058,
    "min": 0.0096489999999676
  },
  "interactive-discover-6": {
    "average": 0.02416750999999749,
    "std": 0.06778142806093357,
    "max": 0.6743880000000217,
    "min": 0.014454999999998108
  },
  "interactive-discover-7": {
    "average": 0.020515169999994212,
    "std": 0.017888220759572675,
    "max": 0.055762999999956264,
    "min": 0.015933000000018183
  },
  "interactive-discover-8": {
    "average": 0.02124827000000323,
    "std": 0.0177494647413116,
    "max": 0.030887000000006992,
    "min": 0.01854800000000978
  },
  "interactive-short-1-nocity": {
    "average": 0.054518420000010795,
    "std": 0.1680986307433044,
    "max": 1.6952269999999316,
    "min": 0.0245630000000574
  },
  "interactive-short-1": {
    "average": 0.043727789999990135,
    "std": 0.027478363945948218,
    "max": 0.11229299999990872,
    "min": 0.034747999999922285
  },
  "interactive-short-2": {
    "average": 0.10256223999999634,
    "std": 0.08348445325011619,
    "max": 0.6516810000000532,
    "min": 0.06631099999992784
  },
  "interactive-short-3-unidir": {
    "average": 0.050454650000009454,
    "std": 0.06456750010746258,
    "max": 0.6265319999999974,
    "min": 0.036154000000010456
  },
  "interactive-short-3": {
    "average": 0.04795375999999919,
    "std": 0.07283680538126823,
    "max": 0.7261459999999715,
    "min": 0.036949999999933425
  },
  "interactive-short-4-creator": {
    "average": 0.021017959999998084,
    "std": 0.01940489885339342,
    "max": 0.04041800000004514,
    "min": 0.018834000000083506
  },
  "interactive-short-4": {
    "average": 0.028409669999997503,
    "std": 0.023047526852237724,
    "max": 0.08788499999991473,
    "min": 0.015988999999990483
  },
  "interactive-short-5": {
    "average": 0.0459485100000029,
    "std": 0.0872656039413256,
    "max": 0.7122950000000401,
    "min": 0.026012000000037006
  },
  "interactive-short-6": {
    "average": 0.04858295999999996,
    "std": 0.030273259727191196,
    "max": 0.16601700000001074,
    "min": 0.04087600000002567
  },
  "interactive-short-7": {
    "average": 0.10768133999999463,
    "std": 0.11668321068416394,
    "max": 0.7338479999999663,
    "min": 0.06789800000001378
  }
}