{
  "interactive-discover-1": {
    "v0": {
      "n_results": 6,
      "n_http_requests": 77,
      "execution_time": {
        "average": 4487.288706160001,
        "min": 4140.978797000003,
        "max": 4801.458079999997,
        "std": 233.75673158676182
      }
    },
    "v1": {
      "n_results": 4,
      "n_http_requests": 8,
      "execution_time": {
        "average": 268.2736280999993,
        "min": 260.29878699999244,
        "max": 290.8595029999997,
        "std": 5.952381857902428
      }
    },
    "v2": {
      "n_results": 1,
      "n_http_requests": 8,
      "execution_time": {
        "average": 203.71737669999945,
        "min": 193.61863100000483,
        "max": 219.6388169999991,
        "std": 5.486947400843907
      }
    },
    "v3": {
      "n_results": 14,
      "n_http_requests": 23,
      "execution_time": {
        "average": 570.6548973399989,
        "min": 536.7226459999947,
        "max": 627.2371779999958,
        "std": 20.616414975169523
      }
    },
    "v4": {
      "n_results": 8,
      "n_http_requests": 65,
      "execution_time": {
        "average": 4185.631830200001,
        "min": 3856.7437520000094,
        "max": 4528.601242999997,
        "std": 240.30265162407017
      }
    }
  },
  "interactive-discover-2": {
    "v0": {
      "n_results": 66,
      "n_http_requests": 117,
      "execution_time": {
        "average": 6266.719192940001,
        "min": 5807.507639999996,
        "max": 6881.378209000002,
        "std": 359.4729500912497
      }
    },
    "v1": {
      "n_results": 46,
      "n_http_requests": 9,
      "execution_time": {
        "average": 881.6738649000006,
        "min": 822.0235240000038,
        "max": 946.8373679999931,
        "std": 29.368183458208726
      }
    },
    "v2": {
      "n_results": 32,
      "n_http_requests": 9,
      "execution_time": {
        "average": 673.6809987599985,
        "min": 637.4710059999925,
        "max": 727.8393899999937,
        "std": 21.27195780611827
      }
    },
    "v3": {
      "n_results": 198,
      "n_http_requests": 208,
      "execution_time": {
        "average": 5592.18993256,
        "min": 5000.084698000006,
        "max": 6230.298276000001,
        "std": 317.8812037393471
      }
    },
    "v4": {
      "n_results": 98,
      "n_http_requests": 112,
      "execution_time": {
        "average": 6418.590788840002,
        "min": 5791.060412000006,
        "max": 7234.884565,
        "std": 407.4961090480229
      }
    }
  },
  "interactive-discover-3": {
    "v0": {
      "n_results": 71,
      "n_http_requests": 243,
      "execution_time": {
        "average": 4533.261341540001,
        "min": 3967.430750000014,
        "max": 5088.244993999993,
        "std": 270.34918514323147
      }
    },
    "v1": {
      "n_results": 67,
      "n_http_requests": 137,
      "execution_time": {
        "average": 1817.7552528000008,
        "min": 1536.4240950000094,
        "max": 2531.7546,
        "std": 223.67922444950483
      }
    },
    "v2": {
      "n_results": 55,
      "n_http_requests": 93,
      "execution_time": {
        "average": 1426.5560704000015,
        "min": 1210.6065390000003,
        "max": 1725.5970030000026,
        "std": 132.29257690031258
      }
    },
    "v3": {
      "n_results": 203,
      "n_http_requests": 414,
      "execution_time": {
        "average": 6228.253741500001,
        "min": 5858.681597999996,
        "max": 7312.065811000008,
        "std": 244.15101236006387
      }
    },
    "v4": {
      "n_results": 142,
      "n_http_requests": 263,
      "execution_time": {
        "average": 5208.25258678,
        "min": 4436.841272999998,
        "max": 6275.490772000005,
        "std": 433.4694407861608
      }
    }
  },
  "interactive-discover-4": {
    "v0": {
      "n_results": 5,
      "n_http_requests": 52,
      "execution_time": {
        "average": 1360.8494448799981,
        "min": 1252.3116690000024,
        "max": 1448.1915230000013,
        "std": 60.78477763340198
      }
    },
    "v1": {
      "n_results": 3,
      "n_http_requests": 11,
      "execution_time": {
        "average": 665.2312803800005,
        "min": 630.2471990000049,
        "max": 719.6209509999899,
        "std": 20.332019438460215
      }
    },
    "v2": {
      "n_results": 3,
      "n_http_requests": 11,
      "execution_time": {
        "average": 566.9871388999993,
        "min": 534.1865749999997,
        "max": 634.165989999994,
        "std": 20.116350419706578
      }
    },
    "v3": {
      "n_results": 3,
      "n_http_requests": 195,
      "execution_time": {
        "average": 4273.153479179999,
        "min": 3849.0171960000007,
        "max": 4771.348724999989,
        "std": 213.95136523811905
      }
    },
    "v4": {
      "n_results": 7,
      "n_http_requests": 61,
      "execution_time": {
        "average": 1735.1876192999996,
        "min": 1586.357222999999,
        "max": 1870.2468420000077,
        "std": 75.28216440526337
      }
    }
  },
  "interactive-discover-5": {
    "v0": {
      "n_results": 15,
      "n_http_requests": 117,
      "execution_time": {
        "average": 3253.036459800001,
        "min": 2281.496993000008,
        "max": 3784.7585859999963,
        "std": 430.70988903657354
      }
    },
    "v1": {
      "n_results": 3,
      "n_http_requests": 9,
      "execution_time": {
        "average": 342.0913542199999,
        "min": 319.10945699999866,
        "max": 369.2557589999924,
        "std": 13.438220906100835
      }
    },
    "v2": {
      "n_results": 3,
      "n_http_requests": 9,
      "execution_time": {
        "average": 285.39180444000027,
        "min": 271.1856930000067,
        "max": 310.61182399999234,
        "std": 9.204567316103143
      }
    },
    "v3": {
      "n_results": 4,
      "n_http_requests": 208,
      "execution_time": {
        "average": 3222.052219060001,
        "min": 2925.871709999992,
        "max": 3504.0797179999936,
        "std": 179.84885674312915
      }
    },
    "v4": {
      "n_results": 20,
      "n_http_requests": 112,
      "execution_time": {
        "average": 3214.2772287200005,
        "min": 2230.3757729999925,
        "max": 3756.367983999997,
        "std": 456.450995853711
      }
    }
  },
  "interactive-discover-6": {
    "v0": {
      "timeout": 120000
    },
    "v1": {
      "n_results": 1,
      "n_http_requests": 20,
      "execution_time": {
        "average": 879.5983336799982,
        "min": 832.3901570000016,
        "max": 931.0855239999946,
        "std": 27.72809506503677
      }
    },
    "v2": {
      "n_results": 1,
      "n_http_requests": 17,
      "execution_time": {
        "average": 667.0683965400016,
        "min": 638.1628800000035,
        "max": 716.584474000003,
        "std": 18.055382403957275
      }
    },
    "v3": {
      "timeout": 120000
    },
    "v4": {
      "n_results": 27,
      "n_http_requests": 123,
      "execution_time": {
        "average": 6585.530525579999,
        "min": 6179.197801999995,
        "max": 7055.779131999996,
        "std": 269.4420352632917
      }
    }
  },
  "interactive-discover-7": {
    "v0": {
      "timeout": 120000
    },
    "v1": {
      "n_results": 1,
      "n_http_requests": 20,
      "execution_time": {
        "average": 893.2749550599998,
        "min": 842.6013749999984,
        "max": 1006.9845590000041,
        "std": 35.20598435739268
      }
    },
    "v2": {
      "n_results": 1,
      "n_http_requests": 17,
      "execution_time": {
        "average": 690.0897783800023,
        "min": 651.2386850000039,
        "max": 739.174005000008,
        "std": 21.94155685178223
      }
    },
    "v3": {
      "timeout": 120000
    },
    "v4": {
      "n_results": 1,
      "n_http_requests": 123,
      "execution_time": {
        "average": 6275.403954860001,
        "min": 5745.642071000009,
        "max": 6895.507558000012,
        "std": 363.9977542108208
      }
    }
  },