{
  "interactive-discover-1": {
    "v0": {
      "n_results": 6,
      "n_http_requests": 77,
      "execution_time": {
        "average": 4573.8888993,
        "min": 4184.449331000011,
        "max": 4978.945084999999,
        "std": 289.7635582471424
      }
    },
    "v1": {
      "n_results": 4,
      "n_http_requests": 8,
      "execution_time": {
        "average": 275.0551503000024,
        "min": 265.3863610000117,
        "max": 292.08165800001007,
        "std": 10.173893113983215
      }
    },
    "v2": {
      "n_results": 1,
      "n_http_requests": 8,
      "execution_time": {
        "average": 208.86609120000065,
        "min": 196.90259800000058,
        "max": 225.9719380000024,
        "std": 10.786302190330533
      }
    },
    "v3": {
      "n_results": 14,
      "n_http_requests": 23,
      "execution_time": {
        "average": 579.7447635000019,
        "min": 553.7074410000059,
        "max": 607.2279100000014,
        "std": 21.108622882306683
      }
    },
    "v4": {
      "n_results": 8,
      "n_http_requests": 65,
      "execution_time": {
        "average": 4240.497106099999,
        "min": 3916.876078999994,
        "max": 4541.557451000001,
        "std": 240.80977515810258
      }
    }
  },
  "interactive-discover-2": {
    "v0": {
      "n_results": 66,
      "n_http_requests": 117,
      "execution_time": {
        "average": 6184.567700000001,
        "min": 5817.8561860000045,
        "max": 6655.792296,
        "std": 283.1530339550401
      }
    },
    "v1": {
      "n_results": 46,
      "n_http_requests": 9,
      "execution_time": {
        "average": 885.689457600002,
        "min": 834.043285000007,
        "max": 925.6825240000035,
        "std": 32.988238691035356
      }
    },
    "v2": {
      "n_results": 32,
      "n_http_requests": 9,
      "execution_time": {
        "average": 679.9441777999994,
        "min": 652.179443999994,
        "max": 732.3980249999877,
        "std": 25.428178224886626
      }
    },
    "v3": {
      "n_results": 198,
      "n_http_requests": 208,
      "execution_time": {
        "average": 5813.156264199997,
        "min": 5246.408968000003,
        "max": 6118.194019999995,
        "std": 231.58601811911416
      }
    },
    "v4": {
      "n_results": 98,
      "n_http_requests": 112,
      "execution_time": {
        "average": 6204.449798500001,
        "min": 5838.327787000002,
        "max": 7109.343676999997,
        "std": 458.2234825258828
      }
    }
  },
  "interactive-discover-3": {
    "v0": {
      "n_results": 71,
      "n_http_requests": 243,
      "execution_time": {
        "average": 4564.253850799998,
        "min": 4201.996190999998,
        "max": 4907.275874999992,
        "std": 234.4569783581405
      }
    },
    "v1": {
      "n_results": 67,
      "n_http_requests": 137,
      "execution_time": {
        "average": 1805.333822500003,
        "min": 1542.9617330000037,
        "max": 2075.460579000006,
        "std": 179.96301186213776
      }
    },
    "v2": {
      "n_results": 55,
      "n_http_requests": 93,
      "execution_time": {
        "average": 1414.9002295000028,
        "min": 1313.345444000006,
        "max": 1531.45971000001,
        "std": 83.38005160280456
      }
    },
    "v3": {
      "n_results": 203,
      "n_http_requests": 414,
      "execution_time": {
        "average": 6257.941684299998,
        "min": 5999.851752999995,
        "max": 6482.028386000005,
        "std": 95.71659749919365
      }
    },
    "v4": {
      "n_results": 142,
      "n_http_requests": 263,
      "execution_time": {
        "average": 5278.7190317,
        "min": 4661.150750999994,
        "max": 5654.927525000006,
        "std": 333.7908006578683
      }
    }
  },
  "interactive-discover-4": {
    "v0": {
      "n_results": 5,
      "n_http_requests": 52,
      "execution_time": {
        "average": 1398.0040276,
        "min": 1323.0533759999962,
        "max": 1455.4197600000043,
        "std": 46.559805679152724
      }
    },
    "v1": {
      "n_results": 3,
      "n_http_requests": 11,
      "execution_time": {
        "average": 663.436406399998,
        "min": 636.4096759999957,
        "max": 701.7745449999929,
        "std": 19.04545087901972
      }
    },
    "v2": {
      "n_results": 3,
      "n_http_requests": 11,
      "execution_time": {
        "average": 556.2946344999989,
        "min": 535.0859559999953,
        "max": 601.4382019999903,
        "std": 20.810357087350283
      }
    },
    "v3": {
      "n_results": 3,
      "n_http_requests": 195,
      "execution_time": {
        "average": 4294.922439799999,
        "min": 3900.3631650000025,
        "max": 4468.741517999995,
        "std": 206.33506994451426
      }
    },
    "v4": {
      "n_results": 7,
      "n_http_requests": 61,
      "execution_time": {
        "average": 1797.4264755999975,
        "min": 1690.6180380000005,
        "max": 1878.6256910000084,
        "std": 68.21410777715404
      }
    }
  },
  "interactive-discover-5": {
    "v0": {
      "n_results": 15,
      "n_http_requests": 117,
      "execution_time": {
        "average": 3372.6896584000033,
        "min": 2676.5507979999966,
        "max": 3749.93535900001,
        "std": 404.15761617499544
      }
    },
    "v1": {
      "n_results": 3,
      "n_http_requests": 9,
      "execution_time": {
        "average": 355.1325254999989,
        "min": 319.3746519999986,
        "max": 444.8230879999901,
        "std": 38.66160526341153
      }
    },
    "v2": {
      "n_results": 3,
      "n_http_requests": 9,
      "execution_time": {
        "average": 294.9083779000008,
        "min": 275.33246799999324,
        "max": 319.6882540000079,
        "std": 14.72821592713833
      }
    },
    "v3": {
      "n_results": 4,
      "n_http_requests": 208,
      "execution_time": {
        "average": 3243.224102199999,
        "min": 2995.2509759999957,
        "max": 3453.706978999995,
        "std": 170.26630995770617
      }
    },
    "v4": {
      "n_results": 20,
      "n_http_requests": 112,
      "execution_time": {
        "average": 3363.2270704999974,
        "min": 2721.862055999998,
        "max": 3700.448120000001,
        "std": 358.8328173039683
      }
    }
  },
  "interactive-discover-6": {
    "v0": {
      "timeout": 120000
    },
    "v1": {
      "n_results": 1,
      "n_http_requests": 20,
      "execution_time": {
        "average": 876.5516302999982,
        "min": 836.8290710000001,
        "max": 928.5306699999928,
        "std": 31.0976513243398
      }
    },
    "v2": {
      "n_results": 1,
      "n_http_requests": 17,
      "execution_time": {
        "average": 686.5847704000014,
        "min": 652.9291650000087,
        "max": 724.140453,
        "std": 23.617462566273733
      }
    },
    "v3": {
      "timeout": 120000
    },
    "v4": {
      "n_results": 27,
      "n_http_requests": 123,
      "execution_time": {
        "average": 6840.043629799999,
        "min": 6438.636895999996,
        "max": 7129.1923550000065,
        "std": 208.45478834366068
      }
    }
  },
  "interactive-discover-7": {
    "v0": {
      "timeout": 120000
    },
    "v1": {
      "n_results": 1,
      "n_http_requests": 20,
      "execution_time": {
        "average": 908.6446728999974,
        "min": 851.0126459999883,
        "max": 954.6209240000026,
        "std": 32.65147894744409
      }
    },
    "v2": {
      "n_results": 1,
      "n_http_requests": 17,
      "execution_time": {
        "average": 701.3414384999967,
        "min": 663.9104439999937,
        "max": 726.865908000007,
        "std": 18.59210363998652
      }
    },
    "v3": {
      "timeout": 120000
    },
    "v4": {
      "n_results": 1,
      "n_http_requests": 123,
      "execution_time": {
        "average": 6438.0319782999995,
        "min": 6040.827006000007,
        "max": 6919.100157000008,
        "std": 326.2172005044404
      }
    }
  },