{
  "interactive-discover-1": {
    "average": 0.06184383999999909,
    "std": 0.07263640866302995,
    "max": 0.5392650000000003,
    "min": 0.03670699999997851
  },
  "interactive-discover-2": {
    "average": 0.1059283199999993,
    "std": 0.46122852124820696,
    "max": 4.65459199999998,
    "min": 0.04420200000004115
  },
  "interactive-discover-3": {
    "average": 0.03981613999999922,
    "std": 0.03351510511178977,
    "max": 0.1328359999999975,
    "min": 0.028333999999972548
  },
  "interactive-discover-4": {
    "average": 0.042915880000001606,
    "std": 0.06808966210669697,
    "max": 0.6715749999999616,
    "min": 0.03252600000007533
  },
  "interactive-discover-5": {
    "average": 0.015184730000003128,
    "std": 0.015178933059407065,
    "max": 0.02516800000000785,
    "min": 0.01412999999990916
  },
  "interactive-discover-6": {
    "average": 0.068207120000003,
    "std": 0.03946297109340139,
    "max": 0.1742699999999786,
    "min": 0.0226470000000063
  },
  "interactive-discover-7": {
    "average": 0.04134283000000096,
    "std": 0.1010859637271153,
    "max": 1.0051240000000234,
    "min": 0.022543000000041502
  },
  "interactive-discover-8": {
    "average": 0.03325226000000612,
    "std": 0.04484692971239358,
    "max": 0.4264820000000782,
    "min": 0.026070000000004256
  },
  "interactive-short-1-nocity": {
    "average": 0.07500339000000053,
    "std": 0.046430541893586794,
    "max": 0.26353999999992084,
    "min": 0.03873399999997673
  },
  "interactive-short-1": {
    "average": 0.07410669000000325,
    "std": 0.06355286079188728,
    "max": 0.5598870000000034,
    "min": 0.0569510000000264
  },
  "interactive-short-2": {
    "average": 0.30864198999999987,
    "std": 0.3268319882099794,
    "max": 2.7905020000000604,
    "min": 0.16482199999995828
  },
  "interactive-short-3-unidir": {
    "average": 0.13152913000000013,
    "std": 0.1439393993254465,
    "max": 1.166885000000093,
    "min": 0.05307700000003024
  },
  "interactive-short-3": {
    "average": 0.07150542000000996,
    "std": 0.06854003270640566,
    "max": 0.6496950000000652,
    "min": 0.05199600000003102
  },
  "interactive-short-4-creator": {
    "average": 0.07629338999999619,
    "std": 0.2066995457823145,
    "max": 2.0787900000000263,
    "min": 0.027493999999933294
  },
  "interactive-short-4": {
    "average": 0.04167694000000665,
    "std": 0.031683087614988316,
    "max": 0.14378199999998742,
    "min": 0.023744000000078813
  },
  "interactive-short-5": {
    "average": 0.04340875000000779,
    "std": 0.057267539590147014,
    "max": 0.5505590000000211,
    "min": 0.03454199999998764
  },
  "interactive-short-6": {
    "average": 0.1318725799999993,
    "std": 0.34273142614398855,
    "max": 3.4731100000000197,
    "min": 0.054440999999997075
  },
  "interactive-short-7": {
    "average": 0.1759539300000006,
    "std": 0.15791930229636297,
    "max": 0.9709060000000136,
    "min": 0.0984409999999798
  }
}