{
  "interactive-discover-1": {
    "average": 0.1281480599999992,
    "std": 0.4536930571379211,
    "max": 4.499716000000035,
    "min": 0.05679499999996551
  },
  "interactive-discover-2": {
    "average": 0.1472229800000008,
    "std": 0.12332243017983449,
    "max": 0.7060510000000022,
    "min": 0.0801370000000361
  },
  "interactive-discover-3": {
    "average": 0.1323710799999958,
    "std": 0.1734005159266319,
    "max": 1.5115529999999922,
    "min": 0.06580099999996492
  },
  "interactive-discover-4": {
    "average": 0.2236747600000024,
    "std": 0.15629608908527565,
    "max": 1.4807469999999512,
    "min": 0.1525310000000104
  },
  "interactive-discover-5": {
    "average": 0.0936462100000017,
    "std": 0.05647362644098996,
    "max": 0.2604400000000169,
    "min": 0.05914500000000089
  },
  "interactive-discover-6": {
    "average": 0.14434402000000263,
    "std": 0.18050572859464892,
    "max": 1.7627580000000194,
    "min": 0.08698900000001686
  },
  "interactive-discover-7": {
    "average": 0.157657370000004,
    "std": 0.15611640327887372,
    "max": 1.565066999999999,
    "min": 0.10014799999999013
  },
  "interactive-discover-8": {
    "average": 0.11245368999999528,
    "std": 0.08293072473182649,
    "max": 0.4348980000000324,
    "min": 0.04290699999995695
  },
  "interactive-short-1-nocity": {
    "average": 0.08815885000000208,
    "std": 0.13763126222758704,
    "max": 1.2555819999999471,
    "min": 0.04763900000000376
  },
  "interactive-short-1": {
    "average": 0.13029750000000093,
    "std": 0.08793841967454037,
    "max": 0.6297309999999925,
    "min": 0.08409900000003745
  },
  "interactive-short-2": {
    "average": 0.3875382600000063,
    "std": 0.3085679223904709,
    "max": 2.3690690000000245,
    "min": 0.20646099999999024
  },
  "interactive-short-3-unidir": {
    "average": 0.15905044000000146,
    "std": 0.16034370951341406,
    "max": 1.3925839999999994,
    "min": 0.0973510000000033
  },
  "interactive-short-3": {
    "average": 0.17918181999999944,
    "std": 0.24371235756901044,
    "max": 2.4591879999999833,
    "min": 0.12028400000002648
  },
  "interactive-short-4-creator": {
    "average": 0.15076085000000033,
    "std": 0.15862358633940346,
    "max": 1.5964210000000207,
    "min": 0.05873500000001286
  },
  "interactive-short-4": {
    "average": 0.14437927999999828,
    "std": 0.09004311826755569,
    "max": 0.6236199999999599,
    "min": 0.09067500000003292
  },
  "interactive-short-5": {
    "average": 0.13937328999999862,
    "std": 0.17860533630205055,
    "max": 1.716922000000011,
    "min": 0.06680600000004233
  },
  "interactive-short-6": {
    "average": 0.11710392000000297,
    "std": 0.09510630554948066,
    "max": 0.8692670000000362,
    "min": 0.05586399999992864
  },
  "interactive-short-7": {
    "average": 0.2448116500000026,
    "std": 0.23923900837961598,
    "max": 2.1719570000000203,
    "min": 0.14749700000004395
  }
}