{
  "interactive-discover-1": {
    "average": 0.14337087999999823,
    "std": 0.5637459509063336,
    "max": 5.617281000000048,
    "min": 0.05574199999995244
  },
  "interactive-discover-2": {
    "average": 0.11026193000000319,
    "std": 0.10362685773288426,
    "max": 0.8581040000000257,
    "min": 0.06917999999996027
  },
  "interactive-discover-3": {
    "average": 0.09606680999999981,
    "std": 0.07600850128478608,
    "max": 0.3600460000000112,
    "min": 0.05865499999998747
  },
  "interactive-discover-4": {
    "average": 0.13111329999999896,
    "std": 0.14066035387044215,
    "max": 1.2317019999999843,
    "min": 0.07887800000003153
  },
  "interactive-discover-5": {
    "average": 0.04282821000000012,
    "std": 0.07536622823126424,
    "max": 0.7502129999999738,
    "min": 0.02853800000002593
  },
  "interactive-discover-6": {
    "average": 0.061376860000000304,
    "std": 0.04042792034080714,
    "max": 0.2795560000000137,
    "min": 0.04547000000002299
  },
  "interactive-discover-7": {
    "average": 0.08289946999999813,
    "std": 0.0859074971091698,
    "max": 0.5521569999999656,
    "min": 0.03930800000000545
  },
  "interactive-discover-8": {
    "average": 0.06503592000000026,
    "std": 0.14235413555076828,
    "max": 1.4484050000000366,
    "min": 0.04292000000003782
  },
  "interactive-short-1-nocity": {
    "average": 0.0702660700000007,
    "std": 0.05007933005887813,
    "max": 0.21392200000002504,
    "min": 0.04749000000003889
  },
  "interactive-short-1": {
    "average": 0.10508881000000145,
    "std": 0.07492345510625911,
    "max": 0.6224320000000034,
    "min": 0.0740430000000174
  },
  "interactive-short-2": {
    "average": 0.32764954000000046,
    "std": 0.1634504904708277,
    "max": 0.9667849999999589,
    "min": 0.23261099999996304
  },
  "interactive-short-3-unidir": {
    "average": 0.2216461599999991,
    "std": 0.21645218537693334,
    "max": 1.6207290000000398,
    "min": 0.11902500000002192
  },
  "interactive-short-3": {
    "average": 0.2548300599999999,
    "std": 0.14585102945196782,
    "max": 1.137013999999965,
    "min": 0.15459999999995944
  },
  "interactive-short-4-creator": {
    "average": 0.10665172999999982,
    "std": 0.05559862017105938,
    "max": 0.2738239999999905,
    "min": 0.07184399999994184
  },
  "interactive-short-4": {
    "average": 0.08862812000000303,
    "std": 0.1033327903644717,
    "max": 0.9150180000000319,
    "min": 0.04327100000000428
  },
  "interactive-short-5": {
    "average": 0.11299184000000195,
    "std": 0.15583135143602328,
    "max": 1.5130380000000514,
    "min": 0.06616000000008171
  },
  "interactive-short-6": {
    "average": 0.13622107999999344,
    "std": 0.10868806510672681,
    "max": 0.9840960000000223,
    "min": 0.06306500000005144
  },
  "interactive-short-7": {
    "average": 0.3354512299999976,
    "std": 0.3084504125369378,
    "max": 3.050196000000028,
    "min": 0.17673899999999776
  }
}