{
  "interactive-discover-1": {
    "average": 0.036547590000004675,
    "std": 0.0388706483573771,
    "max": 0.25511299999993753,
    "min": 0.024483000000032007
  },
  "interactive-discover-2": {
    "average": 0.045586500000005116,
    "std": 0.15528296434498193,
    "max": 1.5680949999999712,
    "min": 0.02662899999995716
  },
  "interactive-discover-3": {
    "average": 0.05949478000000113,
    "std": 0.213816698528371,
    "max": 2.1525080000000116,
    "min": 0.026051000000052227
  },
  "interactive-discover-4": {
    "average": 0.037536850000000184,
    "std": 0.02887797956287449,
    "max": 0.13075899999989815,
    "min": 0.029493000000002212
  },
  "interactive-discover-5": {
    "average": 0.01447435000000155,
    "std": 0.016457038100038103,
    "max": 0.028540000000020882,
    "min": 0.012391999999977088
  },
  "interactive-discover-6": {
    "average": 0.03442770000000564,
    "std": 0.056837766181598734,
    "max": 0.5358539999999721,
    "min": 0.02124900000001162
  },
  "interactive-discover-7": {
    "average": 0.03264420999999516,
    "std": 0.024319153307750977,
    "max": 0.09855500000003303,
    "min": 0.021625000000085493
  },
  "interactive-discover-8": {
    "average": 0.04557102999999756,
    "std": 0.07096477946606959,
    "max": 0.5000079999999798,
    "min": 0.02564899999993031
  },
  "interactive-short-1-nocity": {
    "average": 0.04257011000000262,
    "std": 0.025545589148684107,
    "max": 0.07728599999995822,
    "min": 0.03880400000002737
  },
  "interactive-short-1": {
    "average": 0.07132157000000461,
    "std": 0.051148489454871444,
    "max": 0.43751800000006824,
    "min": 0.057651000000078056
  },
  "interactive-short-2": {
    "average": 0.165513729999999,
    "std": 0.22032410496423033,
    "max": 2.1860699999999724,
    "min": 0.11503000000004704
  },
  "interactive-short-3-unidir": {
    "average": 0.08486984000000121,
    "std": 0.08323088064792297,
    "max": 0.7099160000000211,
    "min": 0.05831799999998566
  },
  "interactive-short-3": {
    "average": 0.08583829000000832,
    "std": 0.09795792416792107,
    "max": 0.8146460000000388,
    "min": 0.05661899999995512
  },
  "interactive-short-4-creator": {
    "average": 0.03975507000000448,
    "std": 0.0487919999189547,
    "max": 0.17134299999997893,
    "min": 0.026824000000033266
  },
  "interactive-short-4": {
    "average": 0.03520399000000225,
    "std": 0.08222182642060837,
    "max": 0.8186040000000503,
    "min": 0.023602000000096268
  },
  "interactive-short-5": {
    "average": 0.04885439000000701,
    "std": 0.03712412900823232,
    "max": 0.18889100000001235,
    "min": 0.03914499999996224
  },
  "interactive-short-6": {
    "average": 0.08773240999999984,
    "std": 0.06975623116184734,
    "max": 0.5627399999999625,
    "min": 0.05481700000007095
  },
  "interactive-short-7": {
    "average": 0.15733599999999115,
    "std": 0.12064841536849132,
    "max": 0.8084800000000314,
    "min": 0.10873699999990549
  }
}